league,season,team,player,nation,position,age,born,playing_time,playing_time_1,playing_time_2,playing_time_3,performance,performance_1,performance_2,performance_3,performance_4,performance_5,performance_6,performance_7,expected,expected_1,expected_2,expected_3,progression,progression_1,progression_2,per_90_minutes,per_90_minutes_1,per_90_minutes_2,per_90_minutes_3,per_90_minutes_4,per_90_minutes_5,per_90_minutes_6,per_90_minutes_7,per_90_minutes_8,per_90_minutes_9,stat_type,nation_shooting,position_shooting,age_shooting,born_shooting,90s,standard,standard_1,standard_2,standard_3,standard_4,standard_5,standard_6,standard_7,standard_8,standard_9,standard_10,standard_11,expected_shooting,expected_1_shooting,expected_2_shooting,expected_3_shooting,expected_4,stat_type_shooting,nation_passing,position_passing,age_passing,born_passing,90s_passing,total,total_1,total_2,total_3,total_4,short,short_1,short_2,medium,medium_1,medium_2,long,long_1,long_2,assists,xag,expected_passing,expected_1_passing,kp,1/3,ppa,crspa,progressive_passes,stat_type_passing,nation_passing_types,position_passing_types,age_passing_types,born_passing_types,90s_passing_types,passes_attempted,pass_types,pass_types_1,pass_types_2,pass_types_3,pass_types_4,pass_types_5,pass_types_6,pass_types_7,corner_kicks,corner_kicks_1,corner_kicks_2,outcomes,outcomes_1,outcomes_2,stat_type_passing_types,nation_goal_shot_creation,position_goal_shot_creation,age_goal_shot_creation,born_goal_shot_creation,90s_goal_shot_creation,sca,sca_1,sca_types,sca_types_1,sca_types_2,sca_types_3,sca_types_4,sca_types_5,gca,gca_1,gca_types,gca_types_1,gca_types_2,gca_types_3,gca_types_4,gca_types_5,stat_type_goal_shot_creation,nation_defense,position_defense,age_defense,born_defense,90s_defense,tackles,tackles_1,tackles_2,tackles_3,tackles_4,challenges,challenges_1,challenges_2,challenges_3,blocks,blocks_1,blocks_2,interceptions,tkl+int,clearances,err,stat_type_defense,nation_possession,position_possession,age_possession,born_possession,90s_possession,touches,touches_1,touches_2,touches_3,touches_4,touches_5,touches_6,take-ons,take-ons_1,take-ons_2,take-ons_3,take-ons_4,carries,carries_1,carries_2,carries_3,carries_4,carries_5,carries_6,carries_7,receiving,receiving_1,stat_type_possession,nation_playing_time,position_playing_time,age_playing_time,born_playing_time,playing_time_playing_time,playing_time_1_playing_time,playing_time_2_playing_time,playing_time_3_playing_time,playing_time_4,starts,starts_1,starts_2,subs,subs_1,subs_2,team_success,team_success_1,team_success_2,team_success_3,team_success_4,team_success_5,team_success_(xg),team_success_(xg)_1,team_success_(xg)_2,team_success_(xg)_3,team_success_(xg)_4,stat_type_playing_time,nation_misc,position_misc,age_misc,born_misc,90s_misc,performance_misc,performance_1_misc,performance_2_misc,performance_3_misc,performance_4_misc,performance_5_misc,performance_6_misc,performance_7_misc,performance_8,performance_9,performance_10,performance_11,performance_12,aerial_duels,aerial_duels_1,aerial_duels_2,stat_type_misc,nation_keeper,position_keeper,age_keeper,born_keeper,playing_time_keeper,playing_time_1_keeper,playing_time_2_keeper,playing_time_3_keeper,performance_keeper,performance_1_keeper,performance_2_keeper,performance_3_keeper,performance_4_keeper,performance_5_keeper,performance_6_keeper,performance_7_keeper,performance_8_keeper,performance_9_keeper,penalty_kicks,penalty_kicks_1,penalty_kicks_2,penalty_kicks_3,penalty_kicks_4,stat_type_keeper,nation_keeper_adv,position_keeper_adv,age_keeper_adv,born_keeper_adv,90s_keeper_adv,goals,goals_1,goals_2,goals_3,goals_4,expected_keeper_adv,expected_1_keeper_adv,expected_2_keeper_adv,expected_3_keeper_adv,launched,launched_1,launched_2,passes,passes_1,passes_2,passes_3,goal_kicks,goal_kicks_1,goal_kicks_2,crosses,crosses_1,crosses_2,sweeper,sweeper_1,sweeper_2,stat_type_keeper_adv
ENG-Premier League,2023-24,Bournemouth,Dango Ouattara,BFA,"FW,DF",21.0,2002.0,30,12,1229,13.7,1,2,3,1,0,0,3,0,2.6,2.6,1.5,4.1,47,35,90,0.07,0.15,0.22,0.07,0.22,0.19,0.11,0.3,0.19,0.3,standard,BFA,"FW,DF",21.0,2002.0,13.7,1,30,7,23.3,2.2,0.51,0.03,0.14,15.2,0,0,0,2.6,2.6,0.09,-1.6,-1.6,shooting,BFA,"FW,DF",21.0,2002.0,13.7,371,558,66.5,5941,1943,190,255,74.5,147,201,73.1,25,57,43.9,2.0,1.5,1.4,0.5,17.0,25.0,11.0,5.0,35.0,passing,BFA,"FW,DF",21.0,2002.0,13.7,558.0,473,84,8,2,1,36,73,3,0,0,0,371,1,23,passing_types,BFA,"FW,DF",21.0,2002.0,13.7,45,3.3,34,1,4,2,1,3,3,0.22,3,0,0,0,0,0,goal_shot_creation,BFA,"FW,DF",21.0,2002.0,13.7,45,27,22,11,12,19,34,55.9,15,18,3,15,22.0,67.0,35.0,0.0,defense,BFA,"FW,DF",21.0,2002.0,13.7,783,37,210,273,317,69,783,47,21,44.7,20,42.6,365,2597,1409,47,24,18,23,12,405,90,possession,BFA,"FW,DF",21.0,2002.0,30,1229,41,35.9,13.7,12,74,4,18,19,2,1.4,20,24,-4,-0.29,0.08,19.2,20.5,-1.3,-0.1,-0.06,playing_time,BFA,"FW,DF",21.0,2002.0,13.7,3,0,0,15,17,4,36,22,27,0,0,0,69,35,32,52.2,misc,Unknown,Unknown,0.0,0.0,Unknown,Unknown,Unknown,Unknown,Unknown,Unknown,Unknown,Unknown,Unknown,Unknown,Unknown,Unknown,Unknown,Unknown,Unknown,Unknown,Unknown,Unknown,Unknown,Unknown,Unknown,Unknown,0.0,0.0,0.0,Unknown,Unknown,Unknown,Unknown,Unknown,Unknown,Unknown,Unknown,Unknown,Unknown,Unknown,Unknown,Unknown,Unknown,Unknown,Unknown,Unknown,Unknown,Unknown,Unknown,Unknown,Unknown,Unknown,Unknown,Unknown,Unknown
ENG-Premier League,2023-24,Brentford,Keane Lewis-Potter,ENG,"FW,DF",22.0,2001.0,30,15,1441,16.0,3,1,4,3,0,0,0,0,6.3,6.3,1.7,8.0,56,32,135,0.19,0.06,0.25,0.19,0.25,0.39,0.11,0.5,0.39,0.5,standard,ENG,"FW,DF",22.0,2001.0,16.0,3,43,20,46.5,2.69,1.25,0.07,0.15,12.8,0,0,0,6.3,6.3,0.15,-3.3,-3.3,shooting,ENG,"FW,DF",22.0,2001.0,16.0,289,415,69.6,4218,969,169,206,82.0,89,119,74.8,19,56,33.9,1.0,1.7,2.0,-0.7,13.0,11.0,14.0,4.0,32.0,passing,ENG,"FW,DF",22.0,2001.0,16.0,415.0,404,10,3,2,4,50,6,0,0,0,0,289,1,13,passing_types,ENG,"FW,DF",22.0,2001.0,16.0,33,2.06,21,0,6,4,2,0,2,0.12,1,0,0,1,0,0,goal_shot_creation,ENG,"FW,DF",22.0,2001.0,16.0,17,7,5,11,1,7,15,46.7,8,10,2,8,7.0,24.0,23.0,0.0,defense,ENG,"FW,DF",22.0,2001.0,16.0,604,32,107,173,330,84,604,58,21,36.2,33,56.9,370,2822,1632,56,32,24,30,18,417,135,possession,ENG,"FW,DF",22.0,2001.0,30,1441,48,42.1,16.0,15,78,2,15,18,3,0.93,24,29,-5,-0.31,-0.13,26.4,20.9,5.4,0.34,0.49,playing_time,ENG,"FW,DF",22.0,2001.0,16.0,0,0,0,9,18,3,50,7,7,0,0,0,62,15,22,40.5,misc,Unknown,Unknown,0.0,0.0,Unknown,Unknown,Unknown,Unknown,Unknown,Unknown,Unknown,Unknown,Unknown,Unknown,Unknown,Unknown,Unknown,Unknown,Unknown,Unknown,Unknown,Unknown,Unknown,Unknown,Unknown,Unknown,0.0,0.0,0.0,Unknown,Unknown,Unknown,Unknown,Unknown,Unknown,Unknown,Unknown,Unknown,Unknown,Unknown,Unknown,Unknown,Unknown,Unknown,Unknown,Unknown,Unknown,Unknown,Unknown,Unknown,Unknown,Unknown,Unknown,Unknown,Unknown
ENG-Premier League,2023-24,Brighton,Benicio Boaitey,ENG,"FW,DF",19.0,2004.0,5,0,40,0.4,0,0,0,0,0,0,1,0,0.0,0.0,0.1,0.1,1,2,2,0.0,0.0,0.0,0.0,0.0,0.05,0.13,0.19,0.05,0.19,standard,ENG,"FW,DF",19.0,2004.0,0.4,0,1,0,0.0,2.25,0.0,0.0,Unknown,25.2,0,0,0,0.0,0.0,0.02,0.0,0.0,shooting,ENG,"FW,DF",19.0,2004.0,0.4,13,20,65.0,188,30,8,11,72.7,5,8,62.5,0,0,Unknown,0.0,0.1,0.1,-0.1,1.0,0.0,0.0,0.0,2.0,passing,ENG,"FW,DF",19.0,2004.0,0.4,20.0,19,1,0,0,0,0,1,0,0,0,0,13,0,0,passing_types,ENG,"FW,DF",19.0,2004.0,0.4,2,4.5,1,0,0,1,0,0,0,0.0,0,0,0,0,0,0,goal_shot_creation,ENG,"FW,DF",19.0,2004.0,0.4,0,0,0,0,0,0,1,0.0,1,1,0,1,0.0,0.0,2.0,0.0,defense,ENG,"FW,DF",19.0,2004.0,0.4,30,1,6,6,19,1,30,1,1,100.0,0,0.0,19,105,40,1,2,1,2,1,23,2,possession,ENG,"FW,DF",19.0,2004.0,5,40,8,1.2,0.4,0,Unknown,0,5,8,9,1.0,1,1,0,0.0,0.19,0.9,0.8,0.1,0.13,0.09,playing_time,ENG,"FW,DF",19.0,2004.0,0.4,1,0,0,2,0,1,0,0,0,0,0,0,2,0,0,Unknown,misc,Unknown,Unknown,0.0,0.0,Unknown,Unknown,Unknown,Unknown,Unknown,Unknown,Unknown,Unknown,Unknown,Unknown,Unknown,Unknown,Unknown,Unknown,Unknown,Unknown,Unknown,Unknown,Unknown,Unknown,Unknown,Unknown,0.0,0.0,0.0,Unknown,Unknown,Unknown,Unknown,Unknown,Unknown,Unknown,Unknown,Unknown,Unknown,Unknown,Unknown,Unknown,Unknown,Unknown,Unknown,Unknown,Unknown,Unknown,Unknown,Unknown,Unknown,Unknown,Unknown,Unknown,Unknown
ENG-Premier League,2025-26,Brighton,Brajan Gruda,GER,"FW,DF",21-092,2004.0,2,0,14,0.2,0,0,0,0,0,0,0,0,0.4,0.4,0.0,0.4,2,0,3,0.0,0.0,0.0,0.0,0.0,2.38,0.0,2.38,2.38,2.38,standard,GER,"FW,DF",21-092,2004.0,0.2,0,2,0,0.0,12.86,0.0,0.0,Unknown,10.6,0,0,0,0.4,0.4,0.18,-0.4,-0.4,shooting,GER,"FW,DF",21-092,2004.0,0.2,3,4,75.0,38,21,2,2,100.0,1,1,100.0,0,0,Unknown,0.0,0.0,0.0,0.0,0.0,0.0,0.0,0.0,0.0,passing,GER,"FW,DF",21-092,2004.0,0.2,4.0,4,0,0,0,0,0,0,0,0,0,0,3,0,0,passing_types,GER,"FW,DF",21-092,2004.0,0.2,2,12.86,1,0,1,0,0,0,0,0.0,0,0,0,0,0,0,goal_shot_creation,GER,"FW,DF",21-092,2004.0,0.2,1,0,1,0,0,1,1,100.0,0,0,0,0,0.0,1.0,0.0,0.0,defense,GER,"FW,DF",21-092,2004.0,0.2,11,0,2,3,7,2,11,2,1,50.0,1,50.0,7,75,55,2,0,1,2,1,8,3,possession,GER,"FW,DF",21-092,2004.0,2,14,7,7.8,0.2,0,Unknown,0,2,7,0,0.5,0,1,-1,-6.43,-5.89,0.5,0.6,-0.1,-0.82,-1.71,playing_time,Unknown,Unknown,0.0,0.0,0.0,Unknown,Unknown,Unknown,Unknown,Unknown,Unknown,Unknown,Unknown,Unknown,Unknown,Unknown,Unknown,Unknown,Unknown,Unknown,Unknown,Unknown,Unknown,Unknown,0.0,0.0,Unknown,Unknown,Unknown,Unknown,Unknown,Unknown,Unknown,Unknown,Unknown,Unknown,Unknown,Unknown,Unknown,Unknown,Unknown,Unknown,Unknown,Unknown,Unknown,Unknown,Unknown,Unknown,0.0,0.0,0.0,Unknown,Unknown,Unknown,Unknown,Unknown,Unknown,Unknown,Unknown,Unknown,Unknown,Unknown,Unknown,Unknown,Unknown,Unknown,Unknown,Unknown,Unknown,Unknown,Unknown,Unknown,Unknown,Unknown,Unknown,Unknown,Unknown
ENG-Premier League,2023-24,Brighton,Solly March,ENG,"FW,DF",29.0,1994.0,7,7,554,6.2,3,1,4,3,0,0,1,0,2.0,2.0,1.0,2.9,14,24,44,0.49,0.16,0.65,0.49,0.65,0.32,0.16,0.47,0.32,0.47,standard,ENG,"FW,DF",29.0,1994.0,6.2,3,14,6,42.9,2.27,0.97,0.21,0.5,16.6,1,0,0,2.0,2.0,0.14,1.0,1.0,shooting,ENG,"FW,DF",29.0,1994.0,6.2,203,261,77.8,3145,899,118,139,84.9,62,78,79.5,17,27,63.0,1.0,1.0,1.0,0.0,7.0,10.0,7.0,0.0,24.0,passing,ENG,"FW,DF",29.0,1994.0,6.2,261.0,222,39,8,1,1,21,19,12,6,2,0,203,0,7,passing_types,ENG,"FW,DF",29.0,1994.0,6.2,22,3.57,8,8,2,1,2,1,2,0.32,0,1,0,0,1,0,goal_shot_creation,ENG,"FW,DF",29.0,1994.0,6.2,19,14,9,7,3,8,14,57.1,6,5,0,5,11.0,30.0,8.0,0.0,defense,ENG,"FW,DF",29.0,1994.0,6.2,336,12,71,123,145,18,336,18,8,44.4,8,44.4,198,975,491,14,7,3,8,10,211,44,possession,ENG,"FW,DF",29.0,1994.0,7,554,79,16.2,6.2,7,79,2,0,Unknown,1,1.43,13,11,2,0.32,0.61,11.3,10.0,1.2,0.2,0.19,playing_time,ENG,"FW,DF",29.0,1994.0,6.2,1,0,0,12,8,7,21,11,14,0,0,0,36,6,4,60.0,misc,Unknown,Unknown,0.0,0.0,Unknown,Unknown,Unknown,Unknown,Unknown,Unknown,Unknown,Unknown,Unknown,Unknown,Unknown,Unknown,Unknown,Unknown,Unknown,Unknown,Unknown,Unknown,Unknown,Unknown,Unknown,Unknown,0.0,0.0,0.0,Unknown,Unknown,Unknown,Unknown,Unknown,Unknown,Unknown,Unknown,Unknown,Unknown,Unknown,Unknown,Unknown,Unknown,Unknown,Unknown,Unknown,Unknown,Unknown,Unknown,Unknown,Unknown,Unknown,Unknown,Unknown,Unknown
ENG-Premier League,2024-25,Everton,Mason Holgate,JAM,"FW,DF",27.0,1996.0,1,0,6,0.1,0,0,0,0,0,0,0,0,0.0,0.0,0.0,0.0,0,0,0,0.0,0.0,0.0,0.0,0.0,0.0,0.0,0.0,0.0,0.0,standard,JAM,"FW,DF",27.0,1996.0,0.1,0,0,0,Unknown,0.0,0.0,Unknown,Unknown,Unknown,0,0,0,0.0,0.0,Unknown,0.0,0.0,shooting,JAM,"FW,DF",27.0,1996.0,0.1,2,2,100.0,55,0,0,0,Unknown,1,1,100.0,1,1,100.0,0.0,0.0,0.0,0.0,0.0,0.0,0.0,0.0,0.0,passing,JAM,"FW,DF",27.0,1996.0,0.1,2.0,0,2,0,0,0,0,2,0,0,0,0,2,0,0,passing_types,JAM,"FW,DF",27.0,1996.0,0.1,0,0.0,0,0,0,0,0,0,0,0.0,0,0,0,0,0,0,goal_shot_creation,JAM,"FW,DF",27.0,1996.0,0.1,0,0,0,0,0,0,0,Unknown,0,0,0,0,0.0,0.0,0.0,0.0,defense,JAM,"FW,DF",27.0,1996.0,0.1,3,0,0,2,1,0,3,0,0,Unknown,0,Unknown,1,0,0,0,0,0,1,0,1,0,possession,JAM,"FW,DF",27.0,1996.0,1,6,6,0.2,0.1,0,Unknown,0,1,6,1,0.0,0,1,-1,-15.0,-14.97,0.0,0.1,-0.1,-1.02,-0.9,playing_time,JAM,"FW,DF",27.0,1996.0,0.1,0,0,0,0,0,0,0,0,0,0,0,0,0,0,1,0.0,misc,Unknown,Unknown,0.0,0.0,Unknown,Unknown,Unknown,Unknown,Unknown,Unknown,Unknown,Unknown,Unknown,Unknown,Unknown,Unknown,Unknown,Unknown,Unknown,Unknown,Unknown,Unknown,Unknown,Unknown,Unknown,Unknown,0.0,0.0,0.0,Unknown,Unknown,Unknown,Unknown,Unknown,Unknown,Unknown,Unknown,Unknown,Unknown,Unknown,Unknown,Unknown,Unknown,Unknown,Unknown,Unknown,Unknown,Unknown,Unknown,Unknown,Unknown,Unknown,Unknown,Unknown,Unknown
ENG-Premier League,2024-25,Fulham,Martial Godo,ENG,"FW,DF",21.0,2003.0,2,0,24,0.3,0,0,0,0,0,0,0,0,0.0,0.0,0.1,0.1,2,3,6,0.0,0.0,0.0,0.0,0.0,0.0,0.21,0.21,0.0,0.21,standard,ENG,"FW,DF",21.0,2003.0,0.3,0,0,0,Unknown,0.0,0.0,Unknown,Unknown,Unknown,0,0,0,0.0,0.0,Unknown,0.0,0.0,shooting,ENG,"FW,DF",21.0,2003.0,0.3,12,17,70.6,214,53,6,8,75.0,5,5,100.0,1,2,50.0,0.0,0.1,0.1,-0.1,1.0,0.0,3.0,0.0,3.0,passing,ENG,"FW,DF",21.0,2003.0,0.3,17.0,15,2,0,0,0,1,2,0,0,0,0,12,0,2,passing_types,ENG,"FW,DF",21.0,2003.0,0.3,1,3.91,1,0,0,0,0,0,0,0.0,0,0,0,0,0,0,goal_shot_creation,ENG,"FW,DF",21.0,2003.0,0.3,0,0,0,0,0,0,0,Unknown,0,1,0,1,1.0,1.0,0.0,0.0,defense,ENG,"FW,DF",21.0,2003.0,0.3,25,0,1,7,17,7,25,4,1,25.0,3,75.0,18,155,87,2,0,2,0,0,15,6,possession,ENG,"FW,DF",21.0,2003.0,2,24,12,0.7,0.3,0,Unknown,0,2,12,7,0.5,0,0,0,0.0,0.0,0.3,0.1,0.1,0.48,0.44,playing_time,ENG,"FW,DF",21.0,2003.0,0.3,0,0,0,1,0,0,1,1,0,0,0,0,1,0,1,0.0,misc,Unknown,Unknown,0.0,0.0,Unknown,Unknown,Unknown,Unknown,Unknown,Unknown,Unknown,Unknown,Unknown,Unknown,Unknown,Unknown,Unknown,Unknown,Unknown,Unknown,Unknown,Unknown,Unknown,Unknown,Unknown,Unknown,0.0,0.0,0.0,Unknown,Unknown,Unknown,Unknown,Unknown,Unknown,Unknown,Unknown,Unknown,Unknown,Unknown,Unknown,Unknown,Unknown,Unknown,Unknown,Unknown,Unknown,Unknown,Unknown,Unknown,Unknown,Unknown,Unknown,Unknown,Unknown
ENG-Premier League,2024-25,Fulham,Ryan Sessegnon,ENG,"FW,DF",24.0,2000.0,16,7,580,6.4,4,2,6,4,0,0,1,0,1.6,1.6,1.1,2.7,18,22,59,0.62,0.31,0.93,0.62,0.93,0.25,0.17,0.42,0.25,0.42,standard,ENG,"FW,DF",24.0,2000.0,6.4,4,14,8,57.1,2.17,1.24,0.29,0.5,12.8,0,0,0,1.6,1.6,0.12,2.4,2.4,shooting,ENG,"FW,DF",24.0,2000.0,6.4,189,241,78.4,2728,859,118,136,86.8,58,73,79.5,8,13,61.5,2.0,1.1,1.1,0.9,12.0,18.0,7.0,2.0,22.0,passing,ENG,"FW,DF",24.0,2000.0,6.4,241.0,226,15,0,0,0,16,13,1,0,0,0,189,0,9,passing_types,ENG,"FW,DF",24.0,2000.0,6.4,24,3.72,20,0,1,2,1,0,4,0.62,4,0,0,0,0,0,goal_shot_creation,ENG,"FW,DF",24.0,2000.0,6.4,27,13,11,11,5,9,20,45.0,11,13,1,12,3.0,30.0,18.0,0.0,defense,ENG,"FW,DF",24.0,2000.0,6.4,363,15,88,131,149,45,363,21,8,38.1,10,47.6,180,1054,549,18,14,10,19,8,210,59,possession,ENG,"FW,DF",24.0,2000.0,16,580,36,17.0,6.4,7,73,1,9,7,16,1.56,13,10,3,0.47,0.56,9.3,8.1,1.3,0.19,0.18,playing_time,ENG,"FW,DF",24.0,2000.0,6.4,1,0,0,20,4,1,16,3,13,0,0,0,30,8,11,42.1,misc,Unknown,Unknown,0.0,0.0,Unknown,Unknown,Unknown,Unknown,Unknown,Unknown,Unknown,Unknown,Unknown,Unknown,Unknown,Unknown,Unknown,Unknown,Unknown,Unknown,Unknown,Unknown,Unknown,Unknown,Unknown,Unknown,0.0,0.0,0.0,Unknown,Unknown,Unknown,Unknown,Unknown,Unknown,Unknown,Unknown,Unknown,Unknown,Unknown,Unknown,Unknown,Unknown,Unknown,Unknown,Unknown,Unknown,Unknown,Unknown,Unknown,Unknown,Unknown,Unknown,Unknown,Unknown
ENG-Premier League,2025-26,Fulham,Timothy Castagne,BEL,"FW,DF",29-269,1995.0,3,2,127,1.4,0,0,0,0,0,0,0,0,0.4,0.4,0.1,0.5,1,3,10,0.0,0.0,0.0,0.0,0.0,0.27,0.06,0.33,0.27,0.33,standard,BEL,"FW,DF",29-269,1995.0,1.4,0,3,0,0.0,2.13,0.0,0.0,Unknown,7.7,0,0,0,0.4,0.4,0.13,-0.4,-0.4,shooting,BEL,"FW,DF",29-269,1995.0,1.4,35,46,76.1,471,166,22,28,78.6,9,13,69.2,2,3,66.7,0.0,0.1,0.1,-0.1,1.0,0.0,3.0,1.0,3.0,passing,BEL,"FW,DF",29-269,1995.0,1.4,46.0,43,3,0,0,0,4,3,0,0,0,0,35,0,0,passing_types,BEL,"FW,DF",29-269,1995.0,1.4,8,5.67,4,1,0,3,0,0,0,0.0,0,0,0,0,0,0,goal_shot_creation,BEL,"FW,DF",29-269,1995.0,1.4,3,0,2,0,1,2,2,100.0,0,1,0,1,2.0,5.0,2.0,0.0,defense,BEL,"FW,DF",29-269,1995.0,1.4,62,3,15,16,31,7,62,1,0,0.0,1,100.0,33,106,47,1,0,0,2,0,40,10,possession,BEL,"FW,DF",29-269,1995.0,3,127,42,47.0,1.4,2,60,0,1,7,0,0.67,1,3,-2,-1.42,-1.42,1.6,3.9,-2.3,-1.64,-1.96,playing_time,Unknown,Unknown,0.0,0.0,0.0,Unknown,Unknown,Unknown,Unknown,Unknown,Unknown,Unknown,Unknown,Unknown,Unknown,Unknown,Unknown,Unknown,Unknown,Unknown,Unknown,Unknown,Unknown,Unknown,0.0,0.0,Unknown,Unknown,Unknown,Unknown,Unknown,Unknown,Unknown,Unknown,Unknown,Unknown,Unknown,Unknown,Unknown,Unknown,Unknown,Unknown,Unknown,Unknown,Unknown,Unknown,Unknown,Unknown,0.0,0.0,0.0,Unknown,Unknown,Unknown,Unknown,Unknown,Unknown,Unknown,Unknown,Unknown,Unknown,Unknown,Unknown,Unknown,Unknown,Unknown,Unknown,Unknown,Unknown,Unknown,Unknown,Unknown,Unknown,Unknown,Unknown,Unknown,Unknown
ENG-Premier League,2024-25,Ipswich Town,Jaden Philogene Bidace,ENG,"FW,DF",22.0,2002.0,10,5,474,5.3,2,0,2,2,0,0,1,0,2.0,2.0,0.2,2.2,13,10,36,0.38,0.0,0.38,0.38,0.38,0.37,0.05,0.42,0.37,0.42,standard,ENG,"FW,DF",22.0,2002.0,5.3,2,12,5,41.7,2.28,0.95,0.17,0.4,16.4,0,0,0,2.0,2.0,0.17,0.0,0.0,shooting,ENG,"FW,DF",22.0,2002.0,5.3,95,131,72.5,1536,414,54,64,84.4,30,41,73.2,6,12,50.0,0.0,0.2,0.2,-0.2,5.0,7.0,4.0,3.0,10.0,passing,ENG,"FW,DF",22.0,2002.0,5.3,131.0,129,1,0,0,1,13,1,0,0,0,0,95,1,5,passing_types,ENG,"FW,DF",22.0,2002.0,5.3,9,1.71,6,0,1,1,1,0,0,0.0,0,0,0,0,0,0,goal_shot_creation,ENG,"FW,DF",22.0,2002.0,5.3,14,7,6,6,2,8,15,53.3,7,11,1,10,10.0,24.0,9.0,1.0,defense,ENG,"FW,DF",22.0,2002.0,5.3,220,10,53,68,101,18,220,18,5,27.8,11,61.1,127,862,305,13,3,5,11,10,133,36,possession,ENG,"FW,DF",22.0,2002.0,10,474,47,13.9,5.3,5,81,2,5,14,1,0.4,3,17,-14,-2.66,-1.68,4.5,9.5,-4.9,-0.94,0.08,playing_time,ENG,"FW,DF",22.0,2002.0,5.3,1,0,0,8,10,1,13,10,7,0,0,0,23,5,3,62.5,misc,Unknown,Unknown,0.0,0.0,Unknown,Unknown,Unknown,Unknown,Unknown,Unknown,Unknown,Unknown,Unknown,Unknown,Unknown,Unknown,Unknown,Unknown,Unknown,Unknown,Unknown,Unknown,Unknown,Unknown,Unknown,Unknown,0.0,0.0,0.0,Unknown,Unknown,Unknown,Unknown,Unknown,Unknown,Unknown,Unknown,Unknown,Unknown,Unknown,Unknown,Unknown,Unknown,Unknown,Unknown,Unknown,Unknown,Unknown,Unknown,Unknown,Unknown,Unknown,Unknown,Unknown,Unknown
ENG-Premier League,2024-25,Ipswich Town,Wes Burns,WAL,"FW,DF",29.0,1994.0,18,12,926,10.3,0,1,1,0,0,0,1,0,0.5,0.5,1.6,2.2,38,8,65,0.0,0.1,0.1,0.0,0.1,0.05,0.16,0.21,0.05,0.21,standard,WAL,"FW,DF",29.0,1994.0,10.3,0,7,1,14.3,0.68,0.1,0.0,0.0,18.3,0,0,0,0.5,0.5,0.07,-0.5,-0.5,shooting,WAL,"FW,DF",29.0,1994.0,10.3,153,253,60.5,2416,597,82,102,80.4,51,78,65.4,14,36,38.9,1.0,1.6,1.2,-0.6,10.0,8.0,8.0,7.0,8.0,passing,WAL,"FW,DF",29.0,1994.0,10.3,253.0,244,9,1,0,1,46,8,0,0,0,0,153,0,24,passing_types,WAL,"FW,DF",29.0,1994.0,10.3,16,1.55,12,0,1,1,2,0,1,0.1,1,0,0,0,0,0,goal_shot_creation,WAL,"FW,DF",29.0,1994.0,10.3,13,11,1,9,3,4,10,40.0,6,7,2,5,10.0,23.0,13.0,2.0,defense,WAL,"FW,DF",29.0,1994.0,10.3,350,21,69,129,160,18,350,24,9,37.5,14,58.3,216,1458,696,38,13,10,17,13,220,65,possession,WAL,"FW,DF",29.0,1994.0,18,926,51,27.1,10.3,12,67,0,6,20,3,0.67,7,23,-16,-1.56,-0.47,9.6,23.2,-13.6,-1.32,-0.43,playing_time,WAL,"FW,DF",29.0,1994.0,10.3,1,0,0,4,11,0,46,10,11,0,0,0,50,8,21,27.6,misc,Unknown,Unknown,0.0,0.0,Unknown,Unknown,Unknown,Unknown,Unknown,Unknown,Unknown,Unknown,Unknown,Unknown,Unknown,Unknown,Unknown,Unknown,Unknown,Unknown,Unknown,Unknown,Unknown,Unknown,Unknown,Unknown,0.0,0.0,0.0,Unknown,Unknown,Unknown,Unknown,Unknown,Unknown,Unknown,Unknown,Unknown,Unknown,Unknown,Unknown,Unknown,Unknown,Unknown,Unknown,Unknown,Unknown,Unknown,Unknown,Unknown,Unknown,Unknown,Unknown,Unknown,Unknown
ENG-Premier League,2023-24,Newcastle Utd,Jacob Murphy,ENG,"FW,DF",28.0,1995.0,21,14,1189,13.2,3,7,10,3,0,0,1,0,2.1,2.1,5.0,7.1,33,52,113,0.23,0.53,0.76,0.23,0.76,0.16,0.37,0.54,0.16,0.54,standard,ENG,"FW,DF",28.0,1995.0,13.2,3,30,10,33.3,2.27,0.76,0.1,0.3,19.6,0,0,0,2.1,2.1,0.07,0.9,0.9,shooting,ENG,"FW,DF",28.0,1995.0,13.2,343,519,66.1,5229,2012,200,244,82.0,117,175,66.9,19,61,31.1,7.0,5.0,3.4,2.0,31.0,32.0,30.0,8.0,52.0,passing,ENG,"FW,DF",28.0,1995.0,13.2,519.0,478,38,8,10,0,77,18,11,7,2,0,343,3,23,passing_types,ENG,"FW,DF",28.0,1995.0,13.2,55,4.16,44,4,2,3,1,1,10,0.76,9,0,1,0,0,0,goal_shot_creation,ENG,"FW,DF",28.0,1995.0,13.2,20,10,8,4,8,12,26,46.2,14,17,0,17,6.0,26.0,16.0,0.0,defense,ENG,"FW,DF",28.0,1995.0,13.2,666,24,111,229,339,53,666,27,13,48.1,13,48.1,381,2179,981,33,27,15,19,14,434,113,possession,ENG,"FW,DF",28.0,1995.0,21,1189,57,34.8,13.2,14,75,5,7,20,5,1.95,40,21,19,1.44,1.28,32.2,18.4,13.8,1.04,1.01,playing_time,ENG,"FW,DF",28.0,1995.0,13.2,1,0,0,7,15,1,77,6,10,0,0,0,66,4,10,28.6,misc,Unknown,Unknown,0.0,0.0,Unknown,Unknown,Unknown,Unknown,Unknown,Unknown,Unknown,Unknown,Unknown,Unknown,Unknown,Unknown,Unknown,Unknown,Unknown,Unknown,Unknown,Unknown,Unknown,Unknown,Unknown,Unknown,0.0,0.0,0.0,Unknown,Unknown,Unknown,Unknown,Unknown,Unknown,Unknown,Unknown,Unknown,Unknown,Unknown,Unknown,Unknown,Unknown,Unknown,Unknown,Unknown,Unknown,Unknown,Unknown,Unknown,Unknown,Unknown,Unknown,Unknown,Unknown
ENG-Premier League,2024-25,Southampton,Ryan Fraser,SCO,"FW,DF",30.0,1994.0,8,4,306,3.4,0,0,0,0,0,0,0,1,0.0,0.0,0.1,0.1,10,8,18,0.0,0.0,0.0,0.0,0.0,0.01,0.03,0.04,0.01,0.04,standard,SCO,"FW,DF",30.0,1994.0,3.4,0,1,1,100.0,0.29,0.29,0.0,0.0,31.6,0,0,0,0.0,0.0,0.03,0.0,0.0,shooting,SCO,"FW,DF",30.0,1994.0,3.4,77,103,74.8,1121,208,43,46,93.5,28,40,70.0,3,10,30.0,0.0,0.1,0.1,-0.1,2.0,3.0,1.0,0.0,8.0,passing,SCO,"FW,DF",30.0,1994.0,3.4,103.0,97,5,0,0,0,12,3,2,2,0,0,77,1,2,passing_types,SCO,"FW,DF",30.0,1994.0,3.4,5,1.47,5,0,0,0,0,0,0,0.0,0,0,0,0,0,0,goal_shot_creation,SCO,"FW,DF",30.0,1994.0,3.4,6,2,2,4,0,4,6,66.7,2,1,1,0,1.0,7.0,9.0,0.0,defense,SCO,"FW,DF",30.0,1994.0,3.4,131,12,45,50,37,3,131,3,2,66.7,1,33.3,74,492,252,10,5,2,4,2,94,18,possession,SCO,"FW,DF",30.0,1994.0,8,306,38,8.9,3.4,4,60,0,4,17,5,0.25,4,10,-6,-1.76,-0.2,5.6,10.2,-4.6,-1.35,0.02,playing_time,SCO,"FW,DF",30.0,1994.0,3.4,0,1,0,1,4,1,12,1,2,0,1,0,10,2,3,40.0,misc,Unknown,Unknown,0.0,0.0,Unknown,Unknown,Unknown,Unknown,Unknown,Unknown,Unknown,Unknown,Unknown,Unknown,Unknown,Unknown,Unknown,Unknown,Unknown,Unknown,Unknown,Unknown,Unknown,Unknown,Unknown,Unknown,0.0,0.0,0.0,Unknown,Unknown,Unknown,Unknown,Unknown,Unknown,Unknown,Unknown,Unknown,Unknown,Unknown,Unknown,Unknown,Unknown,Unknown,Unknown,Unknown,Unknown,Unknown,Unknown,Unknown,Unknown,Unknown,Unknown,Unknown,Unknown
ENG-Premier League,2024-25,Southampton,Samuel Amo-Ameyaw,ENG,"FW,DF",18.0,2006.0,2,0,28,0.3,0,0,0,0,0,0,1,0,0.0,0.0,0.1,0.1,1,0,3,0.0,0.0,0.0,0.0,0.0,0.07,0.22,0.29,0.07,0.29,standard,ENG,"FW,DF",18.0,2006.0,0.3,0,1,0,0.0,3.21,0.0,0.0,Unknown,20.7,0,0,0,0.0,0.0,0.02,0.0,0.0,shooting,ENG,"FW,DF",18.0,2006.0,0.3,8,9,88.9,107,13,6,6,100.0,2,3,66.7,0,0,Unknown,0.0,0.1,0.1,-0.1,1.0,0.0,1.0,1.0,0.0,passing,ENG,"FW,DF",18.0,2006.0,0.3,9.0,8,1,0,0,0,2,0,1,0,0,0,8,0,0,passing_types,ENG,"FW,DF",18.0,2006.0,0.3,2,6.43,1,0,0,0,1,0,0,0.0,0,0,0,0,0,0,goal_shot_creation,ENG,"FW,DF",18.0,2006.0,0.3,1,0,0,1,0,1,1,100.0,0,0,0,0,0.0,1.0,0.0,0.0,defense,ENG,"FW,DF",18.0,2006.0,0.3,16,0,5,5,7,1,16,4,0,0.0,3,75.0,11,98,68,1,0,1,0,2,11,3,possession,ENG,"FW,DF",18.0,2006.0,2,28,14,0.8,0.3,0,Unknown,0,2,14,7,0.0,0,0,0,0.0,1.59,0.3,1.1,-0.8,-2.5,-1.14,playing_time,ENG,"FW,DF",18.0,2006.0,0.3,1,0,0,1,2,0,2,0,0,0,0,0,1,0,1,0.0,misc,Unknown,Unknown,0.0,0.0,Unknown,Unknown,Unknown,Unknown,Unknown,Unknown,Unknown,Unknown,Unknown,Unknown,Unknown,Unknown,Unknown,Unknown,Unknown,Unknown,Unknown,Unknown,Unknown,Unknown,Unknown,Unknown,0.0,0.0,0.0,Unknown,Unknown,Unknown,Unknown,Unknown,Unknown,Unknown,Unknown,Unknown,Unknown,Unknown,Unknown,Unknown,Unknown,Unknown,Unknown,Unknown,Unknown,Unknown,Unknown,Unknown,Unknown,Unknown,Unknown,Unknown,Unknown
ESP-La Liga,2023-24,Almería,Arnau Puigmal,ESP,"FW,DF",22.0,2001.0,11,3,255,2.8,0,0,0,0,0,0,3,0,0.0,0.0,0.3,0.3,4,8,17,0.0,0.0,0.0,0.0,0.0,0.0,0.1,0.1,0.0,0.1,standard,ESP,"FW,DF",22.0,2001.0,2.8,0,0,0,Unknown,0.0,0.0,Unknown,Unknown,Unknown,0,0,0,0.0,0.0,Unknown,0.0,0.0,shooting,ESP,"FW,DF",22.0,2001.0,2.8,65,93,69.9,976,349,42,46,91.3,16,22,72.7,5,17,29.4,0.0,0.3,0.2,-0.3,3.0,6.0,4.0,1.0,8.0,passing,ESP,"FW,DF",22.0,2001.0,2.8,93.0,80,13,2,0,0,14,5,5,3,2,0,65,0,3,passing_types,ESP,"FW,DF",22.0,2001.0,2.8,4,1.42,2,2,0,0,0,0,0,0.0,0,0,0,0,0,0,goal_shot_creation,ESP,"FW,DF",22.0,2001.0,2.8,2,1,1,1,0,1,3,33.3,2,3,0,3,3.0,5.0,2.0,0.0,defense,ESP,"FW,DF",22.0,2001.0,2.8,122,2,20,56,48,2,122,7,2,28.6,4,57.1,76,437,210,4,3,0,7,2,78,17,possession,ESP,"FW,DF",22.0,2001.0,11,255,23,7.5,2.8,3,58,0,8,10,8,0.27,4,4,0,0.0,0.91,4.3,6.4,-2.1,-0.76,-0.46,playing_time,ESP,"FW,DF",22.0,2001.0,2.8,3,0,0,7,4,0,14,3,1,0,1,0,16,1,3,25.0,misc,Unknown,Unknown,0.0,0.0,Unknown,Unknown,Unknown,Unknown,Unknown,Unknown,Unknown,Unknown,Unknown,Unknown,Unknown,Unknown,Unknown,Unknown,Unknown,Unknown,Unknown,Unknown,Unknown,Unknown,Unknown,Unknown,0.0,0.0,0.0,Unknown,Unknown,Unknown,Unknown,Unknown,Unknown,Unknown,Unknown,Unknown,Unknown,Unknown,Unknown,Unknown,Unknown,Unknown,Unknown,Unknown,Unknown,Unknown,Unknown,Unknown,Unknown,Unknown,Unknown,Unknown,Unknown
ESP-La Liga,2025-26,Elche,Germán Valera,ESP,"FW,DF",23-168,2002.0,3,3,256,2.8,1,0,1,1,0,0,0,0,0.3,0.3,0.3,0.6,6,12,22,0.35,0.0,0.35,0.35,0.35,0.09,0.12,0.21,0.09,0.21,standard,ESP,"FW,DF",23-168,2002.0,2.8,1,3,2,66.7,1.05,0.7,0.33,0.5,18.2,0,0,0,0.3,0.3,0.09,0.7,0.7,shooting,ESP,"FW,DF",23-168,2002.0,2.8,111,137,81.0,1581,531,66,68,97.1,33,38,86.8,6,15,40.0,0.0,0.3,0.4,-0.3,6.0,6.0,4.0,1.0,12.0,passing,ESP,"FW,DF",23-168,2002.0,2.8,137.0,122,14,3,0,0,7,7,4,0,0,0,111,1,5,passing_types,ESP,"FW,DF",23-168,2002.0,2.8,12,4.22,6,4,0,0,2,0,1,0.35,1,0,0,0,0,0,goal_shot_creation,ESP,"FW,DF",23-168,2002.0,2.8,6,4,3,1,2,3,3,100.0,0,1,1,0,1.0,7.0,5.0,1.0,defense,ESP,"FW,DF",23-168,2002.0,2.8,167,3,39,63,67,5,167,4,0,0.0,3,75.0,99,573,254,6,0,3,4,5,115,22,possession,ESP,"FW,DF",23-168,2002.0,3,256,85,94.8,2.8,3,85,1,0,Unknown,0,1.67,4,2,2,0.7,0.7,2.0,4.3,-2.2,-0.79,-2.49,playing_time,Unknown,Unknown,0.0,0.0,0.0,Unknown,Unknown,Unknown,Unknown,Unknown,Unknown,Unknown,Unknown,Unknown,Unknown,Unknown,Unknown,Unknown,Unknown,Unknown,Unknown,Unknown,Unknown,Unknown,0.0,0.0,Unknown,Unknown,Unknown,Unknown,Unknown,Unknown,Unknown,Unknown,Unknown,Unknown,Unknown,Unknown,Unknown,Unknown,Unknown,Unknown,Unknown,Unknown,Unknown,Unknown,Unknown,Unknown,0.0,0.0,0.0,Unknown,Unknown,Unknown,Unknown,Unknown,Unknown,Unknown,Unknown,Unknown,Unknown,Unknown,Unknown,Unknown,Unknown,Unknown,Unknown,Unknown,Unknown,Unknown,Unknown,Unknown,Unknown,Unknown,Unknown,Unknown,Unknown
ESP-La Liga,2024-25,Girona,Iker Almena,ESP,"FW,DF",20.0,2004.0,2,0,48,0.5,0,1,1,0,0,0,0,0,0.0,0.0,0.7,0.7,6,2,10,0.0,1.87,1.87,0.0,1.87,0.06,1.27,1.33,0.06,1.33,standard,ESP,"FW,DF",20.0,2004.0,0.5,0,1,0,0.0,1.87,0.0,0.0,Unknown,24.7,0,0,0,0.0,0.0,0.03,0.0,0.0,shooting,ESP,"FW,DF",20.0,2004.0,0.5,23,32,71.9,328,34,13,14,92.9,10,14,71.4,0,1,0.0,1.0,0.7,0.4,0.3,2.0,0.0,0.0,0.0,2.0,passing,ESP,"FW,DF",20.0,2004.0,0.5,32.0,30,2,0,0,0,4,2,0,0,0,0,23,0,2,passing_types,ESP,"FW,DF",20.0,2004.0,0.5,3,5.63,2,0,1,0,0,0,2,3.75,1,0,1,0,0,0,goal_shot_creation,ESP,"FW,DF",20.0,2004.0,0.5,0,0,0,0,0,0,1,0.0,1,1,0,1,0.0,0.0,2.0,0.0,defense,ESP,"FW,DF",20.0,2004.0,0.5,39,2,4,6,30,1,39,3,2,66.7,1,33.3,32,233,152,6,3,1,1,0,31,10,possession,ESP,"FW,DF",20.0,2004.0,2,48,24,1.4,0.5,0,Unknown,0,2,24,0,0.5,1,1,0,0.0,0.43,1.1,1.0,0.1,0.24,0.45,playing_time,ESP,"FW,DF",20.0,2004.0,0.5,0,0,0,0,1,0,4,0,0,0,0,0,2,0,0,Unknown,misc,Unknown,Unknown,0.0,0.0,Unknown,Unknown,Unknown,Unknown,Unknown,Unknown,Unknown,Unknown,Unknown,Unknown,Unknown,Unknown,Unknown,Unknown,Unknown,Unknown,Unknown,Unknown,Unknown,Unknown,Unknown,Unknown,0.0,0.0,0.0,Unknown,Unknown,Unknown,Unknown,Unknown,Unknown,Unknown,Unknown,Unknown,Unknown,Unknown,Unknown,Unknown,Unknown,Unknown,Unknown,Unknown,Unknown,Unknown,Unknown,Unknown,Unknown,Unknown,Unknown,Unknown,Unknown
ESP-La Liga,2023-24,Granada,Sergio Rodelas,ESP,"FW,DF",18.0,2004.0,3,2,122,1.4,0,1,1,0,0,0,0,0,0.0,0.0,1.1,1.2,3,1,5,0.0,0.74,0.74,0.0,0.74,0.02,0.84,0.86,0.02,0.86,standard,ESP,"FW,DF",18.0,2004.0,1.4,0,2,0,0.0,1.48,0.0,0.0,Unknown,27.3,0,0,0,0.0,0.0,0.02,0.0,0.0,shooting,ESP,"FW,DF",18.0,2004.0,1.4,27,33,81.8,326,129,16,17,94.1,8,10,80.0,1,2,50.0,1.0,1.1,0.8,-0.1,2.0,0.0,1.0,1.0,1.0,passing,ESP,"FW,DF",18.0,2004.0,1.4,33.0,30,2,0,0,0,4,2,0,0,0,0,27,1,1,passing_types,ESP,"FW,DF",18.0,2004.0,1.4,6,4.43,3,1,0,0,1,1,1,0.74,1,0,0,0,0,0,goal_shot_creation,ESP,"FW,DF",18.0,2004.0,1.4,3,2,1,0,2,0,3,0.0,3,0,0,0,0.0,3.0,0.0,0.0,defense,ESP,"FW,DF",18.0,2004.0,1.4,53,0,10,19,24,6,53,6,2,33.3,3,50.0,25,201,74,3,3,1,8,1,28,5,possession,ESP,"FW,DF",18.0,2004.0,3,122,41,3.6,1.4,2,52,0,1,18,0,0.0,1,4,-3,-2.21,-1.18,1.8,3.0,-1.2,-0.9,-0.34,playing_time,ESP,"FW,DF",18.0,2004.0,1.4,0,0,0,2,1,0,4,0,2,0,0,0,7,0,2,0.0,misc,Unknown,Unknown,0.0,0.0,Unknown,Unknown,Unknown,Unknown,Unknown,Unknown,Unknown,Unknown,Unknown,Unknown,Unknown,Unknown,Unknown,Unknown,Unknown,Unknown,Unknown,Unknown,Unknown,Unknown,Unknown,Unknown,0.0,0.0,0.0,Unknown,Unknown,Unknown,Unknown,Unknown,Unknown,Unknown,Unknown,Unknown,Unknown,Unknown,Unknown,Unknown,Unknown,Unknown,Unknown,Unknown,Unknown,Unknown,Unknown,Unknown,Unknown,Unknown,Unknown,Unknown,Unknown
ESP-La Liga,2024-25,Las Palmas,Marc Cardona,ESP,"FW,DF",29.0,1995.0,11,0,132,1.5,0,0,0,0,0,0,2,0,0.4,0.4,0.0,0.4,2,3,12,0.0,0.0,0.0,0.0,0.0,0.26,0.0,0.26,0.26,0.26,standard,ESP,"FW,DF",29.0,1995.0,1.5,0,4,0,0.0,2.73,0.0,0.0,Unknown,15.0,0,0,0,0.4,0.4,0.09,-0.4,-0.4,shooting,ESP,"FW,DF",29.0,1995.0,1.5,38,48,79.2,542,79,21,24,87.5,12,15,80.0,2,3,66.7,0.0,0.0,0.1,0.0,0.0,4.0,0.0,0.0,3.0,passing,ESP,"FW,DF",29.0,1995.0,1.5,48.0,45,3,0,1,1,1,0,1,0,0,0,38,0,2,passing_types,ESP,"FW,DF",29.0,1995.0,1.5,4,2.73,2,0,0,2,0,0,0,0.0,0,0,0,0,0,0,goal_shot_creation,ESP,"FW,DF",29.0,1995.0,1.5,4,2,1,3,0,0,1,0.0,1,0,0,0,0.0,4.0,0.0,0.0,defense,ESP,"FW,DF",29.0,1995.0,1.5,73,0,16,34,23,6,73,7,1,14.3,6,85.7,45,151,55,2,0,0,2,4,53,12,possession,ESP,"FW,DF",29.0,1995.0,11,132,12,3.9,1.5,0,Unknown,0,11,12,21,0.64,2,4,-2,-1.36,-0.84,2.8,4.7,-1.9,-1.3,-0.51,playing_time,ESP,"FW,DF",29.0,1995.0,1.5,2,0,0,2,3,0,1,0,2,0,0,0,8,0,6,0.0,misc,Unknown,Unknown,0.0,0.0,Unknown,Unknown,Unknown,Unknown,Unknown,Unknown,Unknown,Unknown,Unknown,Unknown,Unknown,Unknown,Unknown,Unknown,Unknown,Unknown,Unknown,Unknown,Unknown,Unknown,Unknown,Unknown,0.0,0.0,0.0,Unknown,Unknown,Unknown,Unknown,Unknown,Unknown,Unknown,Unknown,Unknown,Unknown,Unknown,Unknown,Unknown,Unknown,Unknown,Unknown,Unknown,Unknown,Unknown,Unknown,Unknown,Unknown,Unknown,Unknown,Unknown,Unknown
ESP-La Liga,2023-24,Las Palmas,Marvin,ESP,"FW,DF",23.0,2000.0,31,17,1855,20.6,0,2,2,0,0,0,5,0,0.9,0.9,2.5,3.5,60,36,177,0.0,0.1,0.1,0.0,0.1,0.05,0.12,0.17,0.05,0.17,standard,ESP,"FW,DF",23.0,2000.0,20.6,0,14,3,21.4,0.68,0.15,0.0,0.0,17.3,0,0,0,0.9,0.9,0.07,-0.9,-0.9,shooting,ESP,"FW,DF",23.0,2000.0,20.6,557,774,72.0,8082,1609,316,378,83.6,203,266,76.3,17,52,32.7,2.0,2.5,2.0,-0.5,13.0,16.0,13.0,6.0,36.0,passing,ESP,"FW,DF",23.0,2000.0,20.6,774.0,723,49,5,0,1,91,43,1,0,1,0,557,2,36,passing_types,ESP,"FW,DF",23.0,2000.0,20.6,32,1.55,27,0,3,1,1,0,6,0.29,5,0,1,0,0,0,goal_shot_creation,ESP,"FW,DF",23.0,2000.0,20.6,39,25,18,17,4,18,36,50.0,18,28,2,26,14.0,53.0,18.0,1.0,defense,ESP,"FW,DF",23.0,2000.0,20.6,1011,26,174,416,433,50,1011,47,19,40.4,21,44.7,574,3530,1535,60,40,13,52,23,662,177,possession,ESP,"FW,DF",23.0,2000.0,31,1855,60,54.2,20.6,17,82,7,14,33,1,1.19,15,25,-10,-0.49,-0.26,17.2,27.0,-9.8,-0.47,0.32,playing_time,ESP,"FW,DF",23.0,2000.0,20.6,5,0,0,39,26,4,91,14,25,0,1,0,101,15,40,27.3,misc,Unknown,Unknown,0.0,0.0,Unknown,Unknown,Unknown,Unknown,Unknown,Unknown,Unknown,Unknown,Unknown,Unknown,Unknown,Unknown,Unknown,Unknown,Unknown,Unknown,Unknown,Unknown,Unknown,Unknown,Unknown,Unknown,0.0,0.0,0.0,Unknown,Unknown,Unknown,Unknown,Unknown,Unknown,Unknown,Unknown,Unknown,Unknown,Unknown,Unknown,Unknown,Unknown,Unknown,Unknown,Unknown,Unknown,Unknown,Unknown,Unknown,Unknown,Unknown,Unknown,Unknown,Unknown
ESP-La Liga,2024-25,Osasuna,Rubén Peña,ESP,"FW,DF",33.0,1991.0,25,7,775,8.6,0,0,0,0,0,0,1,0,0.7,0.7,0.6,1.3,18,27,57,0.0,0.0,0.0,0.0,0.0,0.08,0.07,0.15,0.08,0.15,standard,ESP,"FW,DF",33.0,1991.0,8.6,0,10,3,30.0,1.16,0.35,0.0,0.0,15.4,0,0,0,0.7,0.7,0.07,-0.7,-0.7,shooting,ESP,"FW,DF",33.0,1991.0,8.6,183,309,59.2,3045,1408,94,122,77.0,71,122,58.2,16,39,41.0,0.0,0.6,0.7,-0.6,13.0,20.0,10.0,6.0,27.0,passing,ESP,"FW,DF",33.0,1991.0,8.6,309.0,275,33,2,0,1,52,27,4,2,1,0,183,1,19,passing_types,ESP,"FW,DF",33.0,1991.0,8.6,23,2.67,19,1,1,0,2,0,1,0.12,0,0,0,0,1,0,goal_shot_creation,ESP,"FW,DF",33.0,1991.0,8.6,12,5,4,3,5,5,24,20.8,19,11,0,11,6.0,18.0,12.0,0.0,defense,ESP,"FW,DF",33.0,1991.0,8.6,418,13,64,165,192,18,418,27,10,37.0,14,51.9,219,1069,536,18,11,4,25,12,256,57,possession,ESP,"FW,DF",33.0,1991.0,25,775,31,22.7,8.6,7,67,1,18,17,11,1.28,9,12,-3,-0.35,-0.31,10.3,13.4,-3.1,-0.36,-0.13,playing_time,ESP,"FW,DF",33.0,1991.0,8.6,1,0,0,12,7,0,52,6,5,1,0,0,33,7,15,31.8,misc,Unknown,Unknown,0.0,0.0,Unknown,Unknown,Unknown,Unknown,Unknown,Unknown,Unknown,Unknown,Unknown,Unknown,Unknown,Unknown,Unknown,Unknown,Unknown,Unknown,Unknown,Unknown,Unknown,Unknown,Unknown,Unknown,0.0,0.0,0.0,Unknown,Unknown,Unknown,Unknown,Unknown,Unknown,Unknown,Unknown,Unknown,Unknown,Unknown,Unknown,Unknown,Unknown,Unknown,Unknown,Unknown,Unknown,Unknown,Unknown,Unknown,Unknown,Unknown,Unknown,Unknown,Unknown
ESP-La Liga,2023-24,Rayo Vallecano,Radamel Falcao,COL,"FW,DF",37.0,1986.0,22,2,407,4.5,1,0,1,0,1,1,4,0,2.7,2.0,0.3,2.2,7,7,23,0.22,0.0,0.22,0.0,0.0,0.6,0.06,0.67,0.43,0.49,standard,COL,"FW,DF",37.0,1986.0,4.5,1,16,6,37.5,3.54,1.33,0.0,0.0,14.5,0,1,1,2.7,2.0,0.12,-1.7,-2.0,shooting,COL,"FW,DF",37.0,1986.0,4.5,92,110,83.6,1099,186,65,74,87.8,18,21,85.7,3,4,75.0,0.0,0.3,0.3,-0.3,4.0,5.0,2.0,0.0,7.0,passing,COL,"FW,DF",37.0,1986.0,4.5,110.0,103,7,1,1,0,1,2,0,0,0,0,92,0,1,passing_types,COL,"FW,DF",37.0,1986.0,4.5,13,2.87,8,0,0,1,3,1,0,0.0,0,0,0,0,0,0,goal_shot_creation,COL,"FW,DF",37.0,1986.0,4.5,7,5,1,5,1,1,3,33.3,2,2,0,2,3.0,10.0,4.0,0.0,defense,COL,"FW,DF",37.0,1986.0,4.5,169,4,13,67,91,23,168,8,3,37.5,4,50.0,97,429,171,7,4,5,13,12,132,23,possession,COL,"FW,DF",37.0,1986.0,22,407,19,11.9,4.5,2,63,0,20,14,12,0.87,7,7,0,0.0,0.57,6.3,5.1,1.2,0.25,0.36,playing_time,COL,"FW,DF",37.0,1986.0,4.5,4,0,0,15,10,6,1,3,5,0,0,0,20,14,24,36.8,misc,Unknown,Unknown,0.0,0.0,Unknown,Unknown,Unknown,Unknown,Unknown,Unknown,Unknown,Unknown,Unknown,Unknown,Unknown,Unknown,Unknown,Unknown,Unknown,Unknown,Unknown,Unknown,Unknown,Unknown,Unknown,Unknown,0.0,0.0,0.0,Unknown,Unknown,Unknown,Unknown,Unknown,Unknown,Unknown,Unknown,Unknown,Unknown,Unknown,Unknown,Unknown,Unknown,Unknown,Unknown,Unknown,Unknown,Unknown,Unknown,Unknown,Unknown,Unknown,Unknown,Unknown,Unknown
ESP-La Liga,2024-25,Real Madrid,Gonzalo García,ESP,"FW,DF",20.0,2004.0,3,0,56,0.6,0,1,1,0,0,0,0,0,0.5,0.5,1.0,1.5,0,0,3,0.0,1.61,1.61,0.0,1.61,0.79,1.56,2.35,0.79,2.35,standard,ESP,"FW,DF",20.0,2004.0,0.6,0,1,0,0.0,1.61,0.0,0.0,Unknown,4.8,0,0,0,0.5,0.5,0.49,-0.5,-0.5,shooting,ESP,"FW,DF",20.0,2004.0,0.6,19,20,95.0,245,20,12,13,92.3,5,5,100.0,1,1,100.0,1.0,1.0,0.6,0.0,1.0,0.0,0.0,0.0,0.0,passing,ESP,"FW,DF",20.0,2004.0,0.6,20.0,20,0,0,0,0,0,0,0,0,0,0,19,0,0,passing_types,ESP,"FW,DF",20.0,2004.0,0.6,2,3.21,2,0,0,0,0,0,1,1.61,1,0,0,0,0,0,goal_shot_creation,ESP,"FW,DF",20.0,2004.0,0.6,0,0,0,0,0,0,0,Unknown,0,1,0,1,0.0,0.0,0.0,0.0,defense,ESP,"FW,DF",20.0,2004.0,0.6,22,0,1,6,15,5,22,0,0,Unknown,0,Unknown,14,66,19,0,0,0,0,3,17,3,possession,ESP,"FW,DF",20.0,2004.0,3,56,19,1.6,0.6,0,Unknown,0,3,19,3,3.0,4,0,4,6.43,5.47,2.3,0.1,2.1,3.4,2.58,playing_time,ESP,"FW,DF",20.0,2004.0,0.6,0,0,0,0,0,0,0,0,0,0,0,0,1,1,0,100.0,misc,Unknown,Unknown,0.0,0.0,Unknown,Unknown,Unknown,Unknown,Unknown,Unknown,Unknown,Unknown,Unknown,Unknown,Unknown,Unknown,Unknown,Unknown,Unknown,Unknown,Unknown,Unknown,Unknown,Unknown,Unknown,Unknown,0.0,0.0,0.0,Unknown,Unknown,Unknown,Unknown,Unknown,Unknown,Unknown,Unknown,Unknown,Unknown,Unknown,Unknown,Unknown,Unknown,Unknown,Unknown,Unknown,Unknown,Unknown,Unknown,Unknown,Unknown,Unknown,Unknown,Unknown,Unknown
ESP-La Liga,2024-25,Real Madrid,Víctor Muñoz,ESP,"FW,DF",21.0,2003.0,2,0,36,0.4,0,0,0,0,0,0,0,0,0.5,0.5,0.0,0.5,3,0,9,0.0,0.0,0.0,0.0,0.0,1.23,0.0,1.23,1.23,1.23,standard,ESP,"FW,DF",21.0,2003.0,0.4,0,1,0,0.0,2.5,0.0,0.0,Unknown,15.3,0,0,0,0.5,0.5,0.49,-0.5,-0.5,shooting,ESP,"FW,DF",21.0,2003.0,0.4,11,12,91.7,150,21,9,9,100.0,1,1,100.0,1,1,100.0,0.0,0.0,0.3,0.0,0.0,0.0,1.0,1.0,0.0,passing,ESP,"FW,DF",21.0,2003.0,0.4,12.0,12,0,0,0,0,2,0,0,0,0,0,11,0,1,passing_types,ESP,"FW,DF",21.0,2003.0,0.4,1,2.5,1,0,0,0,0,0,1,2.5,1,0,0,0,0,0,goal_shot_creation,ESP,"FW,DF",21.0,2003.0,0.4,0,0,0,0,0,0,0,Unknown,0,0,0,0,0.0,0.0,0.0,0.0,defense,ESP,"FW,DF",21.0,2003.0,0.4,17,0,1,0,16,4,17,2,0,0.0,2,100.0,15,142,40,3,1,2,1,1,16,9,possession,ESP,"FW,DF",21.0,2003.0,2,36,18,1.1,0.4,0,Unknown,0,2,18,2,1.5,2,0,2,5.0,3.99,1.8,0.6,1.2,3.07,2.24,playing_time,ESP,"FW,DF",21.0,2003.0,0.4,0,0,0,2,0,0,2,0,0,0,0,0,1,0,0,Unknown,misc,Unknown,Unknown,0.0,0.0,Unknown,Unknown,Unknown,Unknown,Unknown,Unknown,Unknown,Unknown,Unknown,Unknown,Unknown,Unknown,Unknown,Unknown,Unknown,Unknown,Unknown,Unknown,Unknown,Unknown,Unknown,Unknown,0.0,0.0,0.0,Unknown,Unknown,Unknown,Unknown,Unknown,Unknown,Unknown,Unknown,Unknown,Unknown,Unknown,Unknown,Unknown,Unknown,Unknown,Unknown,Unknown,Unknown,Unknown,Unknown,Unknown,Unknown,Unknown,Unknown,Unknown,Unknown
ESP-La Liga,2024-25,Valladolid,Amath,SEN,"FW,DF",28.0,1996.0,13,5,375,4.2,0,1,1,0,0,0,1,0,0.4,0.4,0.5,0.9,10,12,29,0.0,0.24,0.24,0.0,0.24,0.09,0.13,0.21,0.09,0.21,standard,SEN,"FW,DF",28.0,1996.0,4.2,0,5,1,20.0,1.2,0.24,0.0,0.0,13.7,0,0,0,0.4,0.4,0.07,-0.4,-0.4,shooting,SEN,"FW,DF",28.0,1996.0,4.2,86,112,76.8,1337,301,49,53,92.5,26,32,81.3,8,15,53.3,1.0,0.5,0.5,0.5,6.0,4.0,4.0,2.0,12.0,passing,SEN,"FW,DF",28.0,1996.0,4.2,112.0,106,6,1,1,2,7,5,0,0,0,0,86,0,7,passing_types,SEN,"FW,DF",28.0,1996.0,4.2,13,3.11,10,0,2,1,0,0,1,0.24,1,0,0,0,0,0,goal_shot_creation,SEN,"FW,DF",28.0,1996.0,4.2,2,0,2,0,0,1,8,12.5,7,7,1,6,2.0,4.0,6.0,0.0,defense,SEN,"FW,DF",28.0,1996.0,4.2,166,4,24,71,73,12,166,16,7,43.8,9,56.3,103,616,318,10,9,4,10,4,119,29,possession,SEN,"FW,DF",28.0,1996.0,13,375,29,11.0,4.2,5,57,0,8,11,18,0.54,2,6,-4,-0.96,0.81,4.7,5.3,-0.6,-0.14,0.81,playing_time,SEN,"FW,DF",28.0,1996.0,4.2,1,0,0,4,7,2,7,2,0,0,0,0,13,1,6,14.3,misc,Unknown,Unknown,0.0,0.0,Unknown,Unknown,Unknown,Unknown,Unknown,Unknown,Unknown,Unknown,Unknown,Unknown,Unknown,Unknown,Unknown,Unknown,Unknown,Unknown,Unknown,Unknown,Unknown,Unknown,Unknown,Unknown,0.0,0.0,0.0,Unknown,Unknown,Unknown,Unknown,Unknown,Unknown,Unknown,Unknown,Unknown,Unknown,Unknown,Unknown,Unknown,Unknown,Unknown,Unknown,Unknown,Unknown,Unknown,Unknown,Unknown,Unknown,Unknown,Unknown,Unknown,Unknown
FRA-Ligue 1,2023-24,Le Havre,Josué Casimir,FRA,"FW,DF",21.0,2001.0,30,25,2016,22.4,0,5,5,0,0,0,6,0,1.9,1.9,4.3,6.3,59,62,138,0.0,0.22,0.22,0.0,0.22,0.09,0.19,0.28,0.09,0.28,standard,FRA,"FW,DF",21.0,2001.0,22.4,0,22,4,18.2,0.98,0.18,0.0,0.0,18.3,0,0,0,1.9,1.9,0.09,-1.9,-1.9,shooting,FRA,"FW,DF",21.0,2001.0,22.4,572,781,73.2,8814,2672,287,363,79.1,224,290,77.2,33,75,44.0,5.0,4.3,3.0,0.7,31.0,34.0,19.0,5.0,62.0,passing,FRA,"FW,DF",21.0,2001.0,22.4,781.0,675,103,5,1,1,52,88,2,0,0,0,572,3,26,passing_types,FRA,"FW,DF",21.0,2001.0,22.4,52,2.32,42,0,4,2,4,0,7,0.31,5,0,1,0,1,0,goal_shot_creation,FRA,"FW,DF",21.0,2001.0,22.4,31,18,14,14,3,7,18,38.9,11,23,2,21,13.0,44.0,25.0,0.0,defense,FRA,"FW,DF",21.0,2001.0,22.4,1022,30,219,437,391,49,1022,64,23,35.9,37,57.8,675,4753,1870,59,35,22,43,25,618,138,possession,FRA,"FW,DF",21.0,2001.0,30,2016,67,65.9,22.4,25,75,6,5,30,0,0.9,20,29,-9,-0.4,-0.23,23.7,31.3,-7.6,-0.34,0.14,playing_time,FRA,"FW,DF",21.0,2001.0,22.4,6,0,0,25,28,7,52,13,18,1,0,0,107,21,25,45.7,misc,Unknown,Unknown,0.0,0.0,Unknown,Unknown,Unknown,Unknown,Unknown,Unknown,Unknown,Unknown,Unknown,Unknown,Unknown,Unknown,Unknown,Unknown,Unknown,Unknown,Unknown,Unknown,Unknown,Unknown,Unknown,Unknown,0.0,0.0,0.0,Unknown,Unknown,Unknown,Unknown,Unknown,Unknown,Unknown,Unknown,Unknown,Unknown,Unknown,Unknown,Unknown,Unknown,Unknown,Unknown,Unknown,Unknown,Unknown,Unknown,Unknown,Unknown,Unknown,Unknown,Unknown,Unknown
FRA-Ligue 1,2024-25,Lens,Martin Satriano,URU,"FW,DF",23.0,2001.0,7,0,88,1.0,0,0,0,0,0,0,0,0,0.4,0.4,0.1,0.5,2,2,14,0.0,0.0,0.0,0.0,0.0,0.37,0.12,0.5,0.37,0.5,standard,URU,"FW,DF",23.0,2001.0,1.0,0,5,0,0.0,5.11,0.0,0.0,Unknown,13.1,0,0,0,0.4,0.4,0.07,-0.4,-0.4,shooting,URU,"FW,DF",23.0,2001.0,1.0,18,30,60.0,218,72,13,18,72.2,4,7,57.1,0,1,0.0,0.0,0.1,0.1,-0.1,2.0,0.0,0.0,0.0,2.0,passing,URU,"FW,DF",23.0,2001.0,1.0,30.0,27,3,0,0,0,1,1,0,0,0,0,18,0,2,passing_types,URU,"FW,DF",23.0,2001.0,1.0,2,2.02,2,0,0,0,0,0,0,0.0,0,0,0,0,0,0,goal_shot_creation,URU,"FW,DF",23.0,2001.0,1.0,3,1,1,1,1,3,3,100.0,0,0,0,0,0.0,3.0,2.0,0.0,defense,URU,"FW,DF",23.0,2001.0,1.0,52,1,10,16,26,11,52,2,1,50.0,1,50.0,24,127,41,2,2,1,5,2,35,14,possession,URU,"FW,DF",23.0,2001.0,7,88,13,2.9,1.0,0,Unknown,0,7,13,0,1.86,2,1,1,1.02,0.96,1.8,1.3,0.5,0.52,0.34,playing_time,URU,"FW,DF",23.0,2001.0,1.0,0,0,0,4,1,0,1,0,1,0,0,0,6,5,5,50.0,misc,Unknown,Unknown,0.0,0.0,Unknown,Unknown,Unknown,Unknown,Unknown,Unknown,Unknown,Unknown,Unknown,Unknown,Unknown,Unknown,Unknown,Unknown,Unknown,Unknown,Unknown,Unknown,Unknown,Unknown,Unknown,Unknown,0.0,0.0,0.0,Unknown,Unknown,Unknown,Unknown,Unknown,Unknown,Unknown,Unknown,Unknown,Unknown,Unknown,Unknown,Unknown,Unknown,Unknown,Unknown,Unknown,Unknown,Unknown,Unknown,Unknown,Unknown,Unknown,Unknown,Unknown,Unknown
FRA-Ligue 1,2024-25,Lille,Mitchel Bakker,NED,"FW,DF",24.0,2000.0,24,14,1139,12.7,3,2,5,3,0,0,3,1,3.0,3.0,2.7,5.6,43,57,120,0.24,0.16,0.4,0.24,0.4,0.23,0.21,0.44,0.23,0.44,standard,NED,"FW,DF",24.0,2000.0,12.7,3,23,10,43.5,1.82,0.79,0.13,0.3,18.9,5,0,0,3.0,3.0,0.13,0.0,0.0,shooting,NED,"FW,DF",24.0,2000.0,12.7,499,641,77.8,8228,2642,252,290,86.9,188,235,80.0,45,75,60.0,2.0,2.7,2.3,-0.7,23.0,42.0,27.0,11.0,57.0,passing,NED,"FW,DF",24.0,2000.0,12.7,641.0,580,60,8,2,1,68,30,22,8,11,0,499,1,14,passing_types,NED,"FW,DF",24.0,2000.0,12.7,40,3.13,28,8,2,1,1,0,4,0.31,2,1,0,0,1,0,goal_shot_creation,NED,"FW,DF",24.0,2000.0,12.7,23,13,6,11,6,10,19,52.6,9,10,1,9,12.0,35.0,15.0,0.0,defense,NED,"FW,DF",24.0,2000.0,12.7,758,12,101,328,334,32,758,21,11,52.4,9,42.9,439,2124,1132,43,20,7,18,11,547,120,possession,NED,"FW,DF",24.0,2000.0,24,1139,47,37.2,12.7,14,67,3,10,20,3,1.54,21,15,6,0.47,0.01,20.4,16.1,4.3,0.33,-0.04,playing_time,NED,"FW,DF",24.0,2000.0,12.7,3,1,0,18,9,4,68,12,13,0,0,0,46,3,10,23.1,misc,Unknown,Unknown,0.0,0.0,Unknown,Unknown,Unknown,Unknown,Unknown,Unknown,Unknown,Unknown,Unknown,Unknown,Unknown,Unknown,Unknown,Unknown,Unknown,Unknown,Unknown,Unknown,Unknown,Unknown,Unknown,Unknown,0.0,0.0,0.0,Unknown,Unknown,Unknown,Unknown,Unknown,Unknown,Unknown,Unknown,Unknown,Unknown,Unknown,Unknown,Unknown,Unknown,Unknown,Unknown,Unknown,Unknown,Unknown,Unknown,Unknown,Unknown,Unknown,Unknown,Unknown,Unknown
FRA-Ligue 1,2024-25,Lyon,Gift Orban,NGA,"FW,DF",22.0,2002.0,3,2,186,2.1,2,0,2,2,0,0,1,0,1.2,1.2,0.0,1.2,1,2,12,0.97,0.0,0.97,0.97,0.97,0.59,0.01,0.6,0.59,0.6,standard,NGA,"FW,DF",22.0,2002.0,2.1,2,4,3,75.0,1.94,1.45,0.5,0.67,8.7,0,0,0,1.2,1.2,0.3,0.8,0.8,shooting,NGA,"FW,DF",22.0,2002.0,2.1,22,33,66.7,369,117,11,14,78.6,5,7,71.4,4,6,66.7,0.0,0.0,0.1,0.0,1.0,1.0,1.0,0.0,2.0,passing,NGA,"FW,DF",22.0,2002.0,2.1,33.0,30,3,0,0,0,1,1,1,0,0,0,22,0,4,passing_types,NGA,"FW,DF",22.0,2002.0,2.1,2,0.97,1,1,0,0,0,0,0,0.0,0,0,0,0,0,0,goal_shot_creation,NGA,"FW,DF",22.0,2002.0,2.1,0,0,0,0,0,0,1,0.0,1,0,0,0,0.0,0.0,0.0,0.0,defense,NGA,"FW,DF",22.0,2002.0,2.1,49,0,6,13,30,10,49,5,2,40.0,3,60.0,26,108,36,1,0,1,6,0,35,12,possession,NGA,"FW,DF",22.0,2002.0,3,186,62,6.1,2.1,2,77,1,1,32,2,1.33,5,3,2,0.97,0.44,4.9,1.7,3.2,1.56,1.2,playing_time,NGA,"FW,DF",22.0,2002.0,2.1,1,0,0,5,1,4,1,0,0,0,0,0,5,1,4,20.0,misc,Unknown,Unknown,0.0,0.0,Unknown,Unknown,Unknown,Unknown,Unknown,Unknown,Unknown,Unknown,Unknown,Unknown,Unknown,Unknown,Unknown,Unknown,Unknown,Unknown,Unknown,Unknown,Unknown,Unknown,Unknown,Unknown,0.0,0.0,0.0,Unknown,Unknown,Unknown,Unknown,Unknown,Unknown,Unknown,Unknown,Unknown,Unknown,Unknown,Unknown,Unknown,Unknown,Unknown,Unknown,Unknown,Unknown,Unknown,Unknown,Unknown,Unknown,Unknown,Unknown,Unknown,Unknown
FRA-Ligue 1,2023-24,Marseille,Luis Henrique,BRA,"FW,DF",21.0,2001.0,15,8,784,8.7,1,0,1,1,0,0,0,0,1.3,1.3,0.7,2.0,30,40,84,0.11,0.0,0.11,0.11,0.11,0.15,0.08,0.23,0.15,0.23,standard,BRA,"FW,DF",21.0,2001.0,8.7,1,12,3,25.0,1.38,0.34,0.08,0.33,19.4,0,0,0,1.3,1.3,0.11,-0.3,-0.3,shooting,BRA,"FW,DF",21.0,2001.0,8.7,300,387,77.5,5161,1430,145,172,84.3,121,152,79.6,27,45,60.0,0.0,0.7,0.9,-0.7,10.0,25.0,14.0,5.0,40.0,passing,BRA,"FW,DF",21.0,2001.0,8.7,387.0,369,13,1,0,4,27,11,0,0,0,0,300,5,6,passing_types,BRA,"FW,DF",21.0,2001.0,8.7,29,3.33,27,0,2,0,0,0,0,0.0,0,0,0,0,0,0,goal_shot_creation,BRA,"FW,DF",21.0,2001.0,8.7,8,7,4,1,3,4,7,57.1,3,9,0,9,8.0,16.0,3.0,0.0,defense,BRA,"FW,DF",21.0,2001.0,8.7,472,9,71,185,227,25,472,25,13,52.0,11,44.0,366,2503,1158,30,26,9,16,9,346,84,possession,BRA,"FW,DF",21.0,2001.0,15,784,52,25.6,8.7,8,85,5,7,15,2,1.27,14,12,2,0.23,-0.13,12.6,10.5,2.1,0.24,-0.45,playing_time,BRA,"FW,DF",21.0,2001.0,8.7,0,0,0,1,2,6,27,8,7,0,0,0,58,0,0,Unknown,misc,Unknown,Unknown,0.0,0.0,Unknown,Unknown,Unknown,Unknown,Unknown,Unknown,Unknown,Unknown,Unknown,Unknown,Unknown,Unknown,Unknown,Unknown,Unknown,Unknown,Unknown,Unknown,Unknown,Unknown,Unknown,Unknown,0.0,0.0,0.0,Unknown,Unknown,Unknown,Unknown,Unknown,Unknown,Unknown,Unknown,Unknown,Unknown,Unknown,Unknown,Unknown,Unknown,Unknown,Unknown,Unknown,Unknown,Unknown,Unknown,Unknown,Unknown,Unknown,Unknown,Unknown,Unknown
FRA-Ligue 1,2025-26,Marseille,Timothy Weah,USA,"FW,DF",25-190,2000.0,2,1,107,1.2,0,0,0,0,0,0,0,0,0.0,0.0,0.1,0.1,1,6,15,0.0,0.0,0.0,0.0,0.0,0.02,0.06,0.08,0.02,0.08,standard,USA,"FW,DF",25-190,2000.0,1.2,0,1,0,0.0,0.84,0.0,0.0,Unknown,27.5,0,0,0,0.0,0.0,0.02,0.0,0.0,shooting,USA,"FW,DF",25-190,2000.0,1.2,52,59,88.1,741,109,35,38,92.1,14,16,87.5,3,5,60.0,0.0,0.1,0.2,-0.1,2.0,5.0,1.0,1.0,6.0,passing,USA,"FW,DF",25-190,2000.0,1.2,59.0,55,4,0,0,0,4,4,0,0,0,0,52,0,1,passing_types,USA,"FW,DF",25-190,2000.0,1.2,3,2.52,3,0,0,0,0,0,0,0.0,0,0,0,0,0,0,goal_shot_creation,USA,"FW,DF",25-190,2000.0,1.2,4,3,1,2,1,2,4,50.0,2,2,0,2,1.0,5.0,1.0,0.0,defense,USA,"FW,DF",25-190,2000.0,1.2,74,0,5,29,40,0,74,0,0,Unknown,0,Unknown,41,213,100,1,1,0,2,0,55,15,possession,USA,"FW,DF",25-190,2000.0,2,107,54,59.4,1.2,1,62,0,1,45,0,1.5,2,3,-1,-0.84,-4.54,2.4,2.2,0.3,0.21,-1.22,playing_time,Unknown,Unknown,0.0,0.0,0.0,Unknown,Unknown,Unknown,Unknown,Unknown,Unknown,Unknown,Unknown,Unknown,Unknown,Unknown,Unknown,Unknown,Unknown,Unknown,Unknown,Unknown,Unknown,Unknown,0.0,0.0,Unknown,Unknown,Unknown,Unknown,Unknown,Unknown,Unknown,Unknown,Unknown,Unknown,Unknown,Unknown,Unknown,Unknown,Unknown,Unknown,Unknown,Unknown,Unknown,Unknown,Unknown,Unknown,0.0,0.0,0.0,Unknown,Unknown,Unknown,Unknown,Unknown,Unknown,Unknown,Unknown,Unknown,Unknown,Unknown,Unknown,Unknown,Unknown,Unknown,Unknown,Unknown,Unknown,Unknown,Unknown,Unknown,Unknown,Unknown,Unknown,Unknown,Unknown
FRA-Ligue 1,2023-24,Nice,Aliou Badara Baldé,GUI,"FW,DF",20.0,2002.0,7,0,69,0.8,0,0,0,0,0,0,0,0,0.1,0.1,0.0,0.1,5,2,8,0.0,0.0,0.0,0.0,0.0,0.17,0.0,0.17,0.17,0.17,standard,GUI,"FW,DF",20.0,2002.0,0.8,0,3,2,66.7,3.91,2.61,0.0,0.0,19.3,0,0,0,0.1,0.1,0.05,-0.1,-0.1,shooting,GUI,"FW,DF",20.0,2002.0,0.8,15,30,50.0,183,33,12,17,70.6,2,9,22.2,0,1,0.0,0.0,0.0,0.0,0.0,0.0,0.0,0.0,0.0,2.0,passing,GUI,"FW,DF",20.0,2002.0,0.8,30.0,29,1,0,1,0,4,0,1,0,0,0,15,0,2,passing_types,GUI,"FW,DF",20.0,2002.0,0.8,5,6.25,2,0,2,0,1,0,0,0.0,0,0,0,0,0,0,goal_shot_creation,GUI,"FW,DF",20.0,2002.0,0.8,4,1,0,3,1,1,1,100.0,0,2,1,1,3.0,7.0,0.0,0.0,defense,GUI,"FW,DF",20.0,2002.0,0.8,58,1,5,19,36,5,58,10,3,30.0,6,60.0,35,353,161,5,5,1,2,0,28,8,possession,GUI,"FW,DF",20.0,2002.0,7,69,10,2.3,0.8,0,Unknown,0,7,10,23,1.14,3,0,3,3.91,3.67,1.8,1.6,0.2,0.29,-0.13,playing_time,GUI,"FW,DF",20.0,2002.0,0.8,0,0,0,2,2,0,4,3,1,0,0,0,6,1,2,33.3,misc,Unknown,Unknown,0.0,0.0,Unknown,Unknown,Unknown,Unknown,Unknown,Unknown,Unknown,Unknown,Unknown,Unknown,Unknown,Unknown,Unknown,Unknown,Unknown,Unknown,Unknown,Unknown,Unknown,Unknown,Unknown,Unknown,0.0,0.0,0.0,Unknown,Unknown,Unknown,Unknown,Unknown,Unknown,Unknown,Unknown,Unknown,Unknown,Unknown,Unknown,Unknown,Unknown,Unknown,Unknown,Unknown,Unknown,Unknown,Unknown,Unknown,Unknown,Unknown,Unknown,Unknown,Unknown
FRA-Ligue 1,2023-24,Reims,Maxime Busi,BEL,"FW,DF",23.0,1999.0,5,1,162,1.8,0,0,0,0,0,0,1,0,0.2,0.2,0.2,0.4,3,3,12,0.0,0.0,0.0,0.0,0.0,0.1,0.11,0.21,0.1,0.21,standard,BEL,"FW,DF",23.0,1999.0,1.8,0,1,0,0.0,0.56,0.0,0.0,Unknown,16.2,0,0,0,0.2,0.2,0.18,-0.2,-0.2,shooting,BEL,"FW,DF",23.0,1999.0,1.8,71,95,74.7,1205,526,30,32,93.8,35,46,76.1,4,11,36.4,0.0,0.2,0.1,-0.2,3.0,2.0,1.0,0.0,3.0,passing,BEL,"FW,DF",23.0,1999.0,1.8,95.0,73,22,0,0,1,4,22,0,0,0,0,71,0,3,passing_types,BEL,"FW,DF",23.0,1999.0,1.8,6,3.33,4,0,1,0,0,1,0,0.0,0,0,0,0,0,0,goal_shot_creation,BEL,"FW,DF",23.0,1999.0,1.8,2,0,0,1,1,0,2,0.0,2,6,1,5,4.0,6.0,5.0,0.0,defense,BEL,"FW,DF",23.0,1999.0,1.8,116,5,38,49,31,6,116,4,3,75.0,1,25.0,69,394,175,3,2,3,2,3,60,12,possession,BEL,"FW,DF",23.0,1999.0,5,162,32,5.3,1.8,1,90,1,4,18,3,2.6,3,1,2,1.11,1.33,2.8,3.4,-0.6,-0.34,-0.3,playing_time,BEL,"FW,DF",23.0,1999.0,1.8,1,0,0,1,0,0,4,4,0,0,0,0,13,2,1,66.7,misc,Unknown,Unknown,0.0,0.0,Unknown,Unknown,Unknown,Unknown,Unknown,Unknown,Unknown,Unknown,Unknown,Unknown,Unknown,Unknown,Unknown,Unknown,Unknown,Unknown,Unknown,Unknown,Unknown,Unknown,Unknown,Unknown,0.0,0.0,0.0,Unknown,Unknown,Unknown,Unknown,Unknown,Unknown,Unknown,Unknown,Unknown,Unknown,Unknown,Unknown,Unknown,Unknown,Unknown,Unknown,Unknown,Unknown,Unknown,Unknown,Unknown,Unknown,Unknown,Unknown,Unknown,Unknown
GER-Bundesliga,2023-24,Augsburg,Masaya Okugawa,JPN,"FW,DF",27.0,1996.0,2,0,32,0.4,0,0,0,0,0,0,0,0,0.0,0.0,0.0,0.0,0,1,2,0.0,0.0,0.0,0.0,0.0,0.0,0.0,0.0,0.0,0.0,standard,JPN,"FW,DF",27.0,1996.0,0.4,0,0,0,Unknown,0.0,0.0,Unknown,Unknown,Unknown,0,0,0,0.0,0.0,Unknown,0.0,0.0,shooting,JPN,"FW,DF",27.0,1996.0,0.4,7,11,63.6,102,22,5,7,71.4,2,4,50.0,0,0,Unknown,0.0,0.0,0.0,0.0,0.0,0.0,0.0,0.0,1.0,passing,JPN,"FW,DF",27.0,1996.0,0.4,11.0,9,2,0,0,0,0,2,0,0,0,0,7,0,0,passing_types,JPN,"FW,DF",27.0,1996.0,0.4,0,0.0,0,0,0,0,0,0,0,0.0,0,0,0,0,0,0,goal_shot_creation,JPN,"FW,DF",27.0,1996.0,0.4,0,0,0,0,0,0,0,Unknown,0,0,0,0,0.0,0.0,2.0,0.0,defense,JPN,"FW,DF",27.0,1996.0,0.4,14,1,2,6,6,2,14,1,0,0.0,0,0.0,6,11,4,0,1,0,0,0,8,2,possession,JPN,"FW,DF",27.0,1996.0,2,32,16,1.0,0.4,0,Unknown,0,2,16,3,1.5,2,0,2,5.63,5.98,0.7,0.8,-0.1,-0.38,-0.05,playing_time,JPN,"FW,DF",27.0,1996.0,0.4,0,0,0,0,0,0,0,0,0,0,0,0,1,1,0,100.0,misc,Unknown,Unknown,0.0,0.0,Unknown,Unknown,Unknown,Unknown,Unknown,Unknown,Unknown,Unknown,Unknown,Unknown,Unknown,Unknown,Unknown,Unknown,Unknown,Unknown,Unknown,Unknown,Unknown,Unknown,Unknown,Unknown,0.0,0.0,0.0,Unknown,Unknown,Unknown,Unknown,Unknown,Unknown,Unknown,Unknown,Unknown,Unknown,Unknown,Unknown,Unknown,Unknown,Unknown,Unknown,Unknown,Unknown,Unknown,Unknown,Unknown,Unknown,Unknown,Unknown,Unknown,Unknown
GER-Bundesliga,2023-24,Darmstadt 98,Fabio Torsiello,ITA,"FW,DF",18.0,2005.0,10,1,156,1.7,0,0,0,0,0,0,0,0,0.3,0.3,0.0,0.3,2,4,8,0.0,0.0,0.0,0.0,0.0,0.16,0.0,0.16,0.16,0.16,standard,ITA,"FW,DF",18.0,2005.0,1.7,0,4,0,0.0,2.31,0.0,0.0,Unknown,16.7,0,0,0,0.3,0.3,0.07,-0.3,-0.3,shooting,ITA,"FW,DF",18.0,2005.0,1.7,21,27,77.8,367,173,10,10,100.0,6,8,75.0,3,7,42.9,0.0,0.0,0.1,0.0,0.0,2.0,2.0,1.0,4.0,passing,ITA,"FW,DF",18.0,2005.0,1.7,27.0,23,4,1,0,0,2,2,0,0,0,0,21,0,0,passing_types,ITA,"FW,DF",18.0,2005.0,1.7,2,1.15,1,0,1,0,0,0,0,0.0,0,0,0,0,0,0,goal_shot_creation,ITA,"FW,DF",18.0,2005.0,1.7,1,0,1,0,0,1,8,12.5,7,1,0,1,1.0,2.0,1.0,0.0,defense,ITA,"FW,DF",18.0,2005.0,1.7,48,1,5,23,20,3,48,3,1,33.3,2,66.7,28,152,68,2,0,0,8,3,32,8,possession,ITA,"FW,DF",18.0,2005.0,10,156,16,5.1,1.7,1,45,0,9,12,7,0.1,2,5,-3,-1.73,-0.09,1.2,5.1,-3.9,-2.27,-1.13,playing_time,ITA,"FW,DF",18.0,2005.0,1.7,0,0,0,4,0,0,2,1,0,0,0,0,4,0,3,0.0,misc,Unknown,Unknown,0.0,0.0,Unknown,Unknown,Unknown,Unknown,Unknown,Unknown,Unknown,Unknown,Unknown,Unknown,Unknown,Unknown,Unknown,Unknown,Unknown,Unknown,Unknown,Unknown,Unknown,Unknown,Unknown,Unknown,0.0,0.0,0.0,Unknown,Unknown,Unknown,Unknown,Unknown,Unknown,Unknown,Unknown,Unknown,Unknown,Unknown,Unknown,Unknown,Unknown,Unknown,Unknown,Unknown,Unknown,Unknown,Unknown,Unknown,Unknown,Unknown,Unknown,Unknown,Unknown
GER-Bundesliga,2023-24,Darmstadt 98,Tim Skarke,GER,"FW,DF",26.0,1996.0,30,29,2404,26.7,8,0,8,8,0,0,7,0,3.6,3.6,2.1,5.7,61,80,190,0.3,0.0,0.3,0.3,0.3,0.13,0.08,0.21,0.13,0.21,standard,GER,"FW,DF",26.0,1996.0,26.7,8,69,20,29.0,2.58,0.75,0.12,0.4,21.9,1,0,0,3.6,3.6,0.05,4.4,4.4,shooting,GER,"FW,DF",26.0,1996.0,26.7,622,855,72.7,10477,2900,307,364,84.3,219,294,74.5,72,127,56.7,0.0,2.1,3.0,-2.1,31.0,38.0,33.0,14.0,80.0,passing,GER,"FW,DF",26.0,1996.0,26.7,855.0,777,77,12,1,10,94,35,11,4,6,0,622,1,32,passing_types,GER,"FW,DF",26.0,1996.0,26.7,73,2.73,47,9,5,7,4,1,2,0.07,2,0,0,0,0,0,goal_shot_creation,GER,"FW,DF",26.0,1996.0,26.7,26,16,12,10,4,10,28,35.7,18,25,2,23,6.0,32.0,20.0,0.0,defense,GER,"FW,DF",26.0,1996.0,26.7,1134,32,199,470,482,71,1134,63,28,44.4,32,50.8,640,3890,1888,61,35,20,55,23,761,190,possession,GER,"FW,DF",26.0,1996.0,30,2404,80,78.6,26.7,29,82,13,1,32,0,0.57,22,69,-47,-1.76,-0.52,21.2,57.1,-35.8,-1.34,-0.66,playing_time,GER,"FW,DF",26.0,1996.0,26.7,7,0,0,31,40,17,94,6,16,0,0,0,125,11,50,18.0,misc,Unknown,Unknown,0.0,0.0,Unknown,Unknown,Unknown,Unknown,Unknown,Unknown,Unknown,Unknown,Unknown,Unknown,Unknown,Unknown,Unknown,Unknown,Unknown,Unknown,Unknown,Unknown,Unknown,Unknown,Unknown,Unknown,0.0,0.0,0.0,Unknown,Unknown,Unknown,Unknown,Unknown,Unknown,Unknown,Unknown,Unknown,Unknown,Unknown,Unknown,Unknown,Unknown,Unknown,Unknown,Unknown,Unknown,Unknown,Unknown,Unknown,Unknown,Unknown,Unknown,Unknown,Unknown
GER-Bundesliga,2023-24,Gladbach,Patrick Herrmann,GER,"FW,DF",32.0,1991.0,8,0,86,1.0,0,0,0,0,0,0,1,0,0.2,0.2,0.1,0.3,3,6,8,0.0,0.0,0.0,0.0,0.0,0.2,0.1,0.3,0.2,0.3,standard,GER,"FW,DF",32.0,1991.0,1.0,0,4,0,0.0,4.19,0.0,0.0,Unknown,18.8,0,0,0,0.2,0.2,0.05,-0.2,-0.2,shooting,GER,"FW,DF",32.0,1991.0,1.0,29,44,65.9,545,160,16,23,69.6,7,11,63.6,6,7,85.7,0.0,0.1,0.1,-0.1,3.0,2.0,1.0,0.0,6.0,passing,GER,"FW,DF",32.0,1991.0,1.0,44.0,37,7,1,0,0,5,0,6,4,0,0,29,0,1,passing_types,GER,"FW,DF",32.0,1991.0,1.0,7,7.33,4,2,0,1,0,0,1,1.05,1,0,0,0,0,0,goal_shot_creation,GER,"FW,DF",32.0,1991.0,1.0,4,4,2,1,1,2,2,100.0,0,1,0,1,1.0,5.0,2.0,0.0,defense,GER,"FW,DF",32.0,1991.0,1.0,58,2,5,22,32,9,58,1,0,0.0,0,0.0,27,148,92,3,4,1,1,1,34,8,possession,GER,"FW,DF",32.0,1991.0,8,86,11,2.8,1.0,0,Unknown,0,8,11,21,1.38,2,2,0,0.0,0.33,1.9,1.4,0.6,0.58,0.83,playing_time,GER,"FW,DF",32.0,1991.0,1.0,1,0,0,3,2,0,5,1,4,0,0,0,6,1,1,50.0,misc,Unknown,Unknown,0.0,0.0,Unknown,Unknown,Unknown,Unknown,Unknown,Unknown,Unknown,Unknown,Unknown,Unknown,Unknown,Unknown,Unknown,Unknown,Unknown,Unknown,Unknown,Unknown,Unknown,Unknown,Unknown,Unknown,0.0,0.0,0.0,Unknown,Unknown,Unknown,Unknown,Unknown,Unknown,Unknown,Unknown,Unknown,Unknown,Unknown,Unknown,Unknown,Unknown,Unknown,Unknown,Unknown,Unknown,Unknown,Unknown,Unknown,Unknown,Unknown,Unknown,Unknown,Unknown
GER-Bundesliga,2025-26,Hamburger SV,Rayan Philippe,FRA,"FW,DF",24-312,2000.0,2,0,41,0.5,0,0,0,0,0,0,0,0,0.1,0.1,0.0,0.1,2,0,5,0.0,0.0,0.0,0.0,0.0,0.18,0.0,0.18,0.18,0.18,standard,FRA,"FW,DF",24-312,2000.0,0.5,0,1,0,0.0,2.2,0.0,0.0,Unknown,20.3,0,0,0,0.1,0.1,0.08,-0.1,-0.1,shooting,FRA,"FW,DF",24-312,2000.0,0.5,7,8,87.5,89,1,5,5,100.0,2,3,66.7,0,0,Unknown,0.0,0.0,0.0,0.0,0.0,0.0,0.0,0.0,0.0,passing,FRA,"FW,DF",24-312,2000.0,0.5,8.0,8,0,0,0,0,1,0,0,0,0,0,7,0,0,passing_types,FRA,"FW,DF",24-312,2000.0,0.5,2,4.39,1,0,0,1,0,0,0,0.0,0,0,0,0,0,0,goal_shot_creation,FRA,"FW,DF",24-312,2000.0,0.5,2,0,1,1,0,1,1,100.0,0,0,0,0,0.0,2.0,1.0,0.0,defense,FRA,"FW,DF",24-312,2000.0,0.5,19,2,5,4,10,2,19,5,1,20.0,4,80.0,13,84,23,2,1,0,2,1,12,5,possession,FRA,"FW,DF",24-312,2000.0,2,41,21,22.8,0.5,0,Unknown,0,2,21,0,0.5,0,0,0,0.0,1.29,0.3,0.6,-0.3,-0.67,0.27,playing_time,Unknown,Unknown,0.0,0.0,0.0,Unknown,Unknown,Unknown,Unknown,Unknown,Unknown,Unknown,Unknown,Unknown,Unknown,Unknown,Unknown,Unknown,Unknown,Unknown,Unknown,Unknown,Unknown,Unknown,0.0,0.0,Unknown,Unknown,Unknown,Unknown,Unknown,Unknown,Unknown,Unknown,Unknown,Unknown,Unknown,Unknown,Unknown,Unknown,Unknown,Unknown,Unknown,Unknown,Unknown,Unknown,Unknown,Unknown,0.0,0.0,0.0,Unknown,Unknown,Unknown,Unknown,Unknown,Unknown,Unknown,Unknown,Unknown,Unknown,Unknown,Unknown,Unknown,Unknown,Unknown,Unknown,Unknown,Unknown,Unknown,Unknown,Unknown,Unknown,Unknown,Unknown,Unknown,Unknown
GER-Bundesliga,2024-25,Heidenheim,Mathias Honsak,AUT,"FW,DF",27.0,1996.0,22,12,1181,13.1,5,1,6,5,0,0,1,0,3.3,3.3,1.6,4.9,37,29,58,0.38,0.08,0.46,0.38,0.46,0.26,0.12,0.38,0.26,0.38,standard,AUT,"FW,DF",27.0,1996.0,13.1,5,29,10,34.5,2.21,0.76,0.17,0.5,17.1,1,0,0,3.3,3.3,0.12,1.7,1.7,shooting,AUT,"FW,DF",27.0,1996.0,13.1,324,462,70.1,5737,1580,147,189,77.8,139,182,76.4,34,65,52.3,1.0,1.6,1.9,-0.6,14.0,22.0,12.0,9.0,29.0,passing,AUT,"FW,DF",27.0,1996.0,13.1,462.0,404,57,11,0,0,50,30,13,5,7,0,324,1,16,passing_types,AUT,"FW,DF",27.0,1996.0,13.1,41,3.13,22,8,4,5,2,0,5,0.38,0,2,3,0,0,0,goal_shot_creation,AUT,"FW,DF",27.0,1996.0,13.1,15,8,10,5,0,10,23,43.5,13,19,4,15,10.0,25.0,31.0,0.0,defense,AUT,"FW,DF",27.0,1996.0,13.1,646,39,162,288,205,33,646,23,9,39.1,13,56.5,338,2014,987,37,28,9,38,12,376,58,possession,AUT,"FW,DF",27.0,1996.0,22,1181,54,38.6,13.1,12,82,7,10,20,0,0.68,12,32,-20,-1.52,-1.19,15.8,27.9,-12.1,-0.92,-0.67,playing_time,AUT,"FW,DF",27.0,1996.0,13.1,1,0,0,14,13,2,50,10,8,0,0,0,55,22,21,51.2,misc,Unknown,Unknown,0.0,0.0,Unknown,Unknown,Unknown,Unknown,Unknown,Unknown,Unknown,Unknown,Unknown,Unknown,Unknown,Unknown,Unknown,Unknown,Unknown,Unknown,Unknown,Unknown,Unknown,Unknown,Unknown,Unknown,0.0,0.0,0.0,Unknown,Unknown,Unknown,Unknown,Unknown,Unknown,Unknown,Unknown,Unknown,Unknown,Unknown,Unknown,Unknown,Unknown,Unknown,Unknown,Unknown,Unknown,Unknown,Unknown,Unknown,Unknown,Unknown,Unknown,Unknown,Unknown
GER-Bundesliga,2025-26,Hoffenheim,Alexander Prass,AUT,"FW,DF",24-097,2001.0,2,0,21,0.2,0,0,0,0,0,0,0,0,0.0,0.0,0.0,0.0,1,2,3,0.0,0.0,0.0,0.0,0.0,0.0,0.12,0.12,0.0,0.12,standard,AUT,"FW,DF",24-097,2001.0,0.2,0,0,0,Unknown,0.0,0.0,Unknown,Unknown,Unknown,0,0,0,0.0,0.0,Unknown,0.0,0.0,shooting,AUT,"FW,DF",24-097,2001.0,0.2,10,12,83.3,137,49,7,7,100.0,1,1,100.0,1,2,50.0,0.0,0.0,0.0,0.0,1.0,1.0,0.0,0.0,2.0,passing,AUT,"FW,DF",24-097,2001.0,0.2,12.0,11,1,0,0,0,1,1,0,0,0,0,10,0,1,passing_types,AUT,"FW,DF",24-097,2001.0,0.2,1,4.29,1,0,0,0,0,0,0,0.0,0,0,0,0,0,0,goal_shot_creation,AUT,"FW,DF",24-097,2001.0,0.2,2,1,0,2,0,2,2,100.0,0,1,0,1,0.0,2.0,0.0,0.0,defense,AUT,"FW,DF",24-097,2001.0,0.2,16,0,2,5,9,1,16,0,0,Unknown,0,Unknown,5,38,17,1,0,0,0,1,7,3,possession,AUT,"FW,DF",24-097,2001.0,2,21,11,11.7,0.2,0,Unknown,0,2,11,0,1.5,1,0,1,4.29,5.42,0.5,0.2,0.3,1.26,1.7,playing_time,Unknown,Unknown,0.0,0.0,0.0,Unknown,Unknown,Unknown,Unknown,Unknown,Unknown,Unknown,Unknown,Unknown,Unknown,Unknown,Unknown,Unknown,Unknown,Unknown,Unknown,Unknown,Unknown,Unknown,0.0,0.0,Unknown,Unknown,Unknown,Unknown,Unknown,Unknown,Unknown,Unknown,Unknown,Unknown,Unknown,Unknown,Unknown,Unknown,Unknown,Unknown,Unknown,Unknown,Unknown,Unknown,Unknown,Unknown,0.0,0.0,0.0,Unknown,Unknown,Unknown,Unknown,Unknown,Unknown,Unknown,Unknown,Unknown,Unknown,Unknown,Unknown,Unknown,Unknown,Unknown,Unknown,Unknown,Unknown,Unknown,Unknown,Unknown,Unknown,Unknown,Unknown,Unknown,Unknown
GER-Bundesliga,2023-24,Hoffenheim,Ihlas Bebou,TOG,"FW,DF",29.0,1994.0,32,16,1636,18.2,7,5,12,7,0,0,3,0,4.9,4.9,2.6,7.5,42,38,145,0.39,0.28,0.66,0.39,0.66,0.27,0.14,0.41,0.27,0.41,standard,TOG,"FW,DF",29.0,1994.0,18.2,7,38,14,36.8,2.09,0.77,0.18,0.5,17.1,0,0,0,4.9,4.9,0.13,2.1,2.1,shooting,TOG,"FW,DF",29.0,1994.0,18.2,360,514,70.0,5117,1476,208,262,79.4,106,158,67.1,20,34,58.8,5.0,2.6,3.0,2.4,15.0,9.0,15.0,4.0,38.0,passing,TOG,"FW,DF",29.0,1994.0,18.2,514.0,462,49,0,2,2,35,40,0,0,0,0,360,3,25,passing_types,TOG,"FW,DF",29.0,1994.0,18.2,48,2.64,31,0,7,7,2,1,14,0.77,6,0,5,1,1,1,goal_shot_creation,TOG,"FW,DF",29.0,1994.0,18.2,22,12,10,8,4,8,16,50.0,8,13,2,11,14.0,36.0,15.0,0.0,defense,TOG,"FW,DF",29.0,1994.0,18.2,755,18,101,272,393,76,755,63,26,41.3,32,50.8,430,2222,1052,42,36,22,63,25,516,145,possession,TOG,"FW,DF",29.0,1994.0,32,1636,51,53.5,18.2,16,82,6,16,20,2,1.34,36,37,-1,-0.06,-0.12,27.7,34.4,-6.7,-0.37,-0.33,playing_time,TOG,"FW,DF",29.0,1994.0,18.2,3,0,0,24,21,7,35,14,12,1,0,0,60,32,45,41.6,misc,Unknown,Unknown,0.0,0.0,Unknown,Unknown,Unknown,Unknown,Unknown,Unknown,Unknown,Unknown,Unknown,Unknown,Unknown,Unknown,Unknown,Unknown,Unknown,Unknown,Unknown,Unknown,Unknown,Unknown,Unknown,Unknown,0.0,0.0,0.0,Unknown,Unknown,Unknown,Unknown,Unknown,Unknown,Unknown,Unknown,Unknown,Unknown,Unknown,Unknown,Unknown,Unknown,Unknown,Unknown,Unknown,Unknown,Unknown,Unknown,Unknown,Unknown,Unknown,Unknown,Unknown,Unknown
GER-Bundesliga,2024-25,Hoffenheim,Marius Bülter,GER,"FW,DF",31.0,1993.0,25,22,1729,19.2,7,2,9,7,0,0,4,0,3.7,3.7,3.1,6.8,57,35,155,0.36,0.1,0.47,0.36,0.47,0.19,0.16,0.35,0.19,0.35,standard,GER,"FW,DF",31.0,1993.0,19.2,7,37,15,40.5,1.93,0.78,0.19,0.47,16.2,0,0,0,3.7,3.7,0.1,3.3,3.3,shooting,GER,"FW,DF",31.0,1993.0,19.2,394,586,67.2,6403,1684,204,257,79.4,146,205,71.2,32,77,41.6,2.0,3.1,3.4,-1.1,22.0,30.0,25.0,12.0,35.0,passing,GER,"FW,DF",31.0,1993.0,19.2,586.0,530,55,2,3,3,84,46,0,0,0,0,394,1,31,passing_types,GER,"FW,DF",31.0,1993.0,19.2,48,2.5,34,0,3,3,7,1,7,0.36,4,0,2,0,1,0,goal_shot_creation,GER,"FW,DF",31.0,1993.0,19.2,13,10,5,6,2,9,17,52.9,8,10,3,7,4.0,17.0,14.0,1.0,defense,GER,"FW,DF",31.0,1993.0,19.2,774,25,108,297,379,83,774,47,24,51.1,22,46.8,511,2924,1435,57,24,23,39,21,576,155,possession,GER,"FW,DF",31.0,1993.0,25,1729,69,56.5,19.2,22,74,7,3,31,0,0.92,33,41,-8,-0.42,0.53,25.1,31.6,-6.5,-0.34,0.11,playing_time,GER,"FW,DF",31.0,1993.0,19.2,4,0,0,11,36,6,84,4,10,1,0,0,63,18,28,39.1,misc,Unknown,Unknown,0.0,0.0,Unknown,Unknown,Unknown,Unknown,Unknown,Unknown,Unknown,Unknown,Unknown,Unknown,Unknown,Unknown,Unknown,Unknown,Unknown,Unknown,Unknown,Unknown,Unknown,Unknown,Unknown,Unknown,0.0,0.0,0.0,Unknown,Unknown,Unknown,Unknown,Unknown,Unknown,Unknown,Unknown,Unknown,Unknown,Unknown,Unknown,Unknown,Unknown,Unknown,Unknown,Unknown,Unknown,Unknown,Unknown,Unknown,Unknown,Unknown,Unknown,Unknown,Unknown
GER-Bundesliga,2023-24,Köln,Jan Thielmann,GER,"FW,DF",21.0,2002.0,22,20,1579,17.5,1,0,1,1,0,0,4,1,2.3,2.3,1.1,3.3,46,51,69,0.06,0.0,0.06,0.06,0.06,0.13,0.06,0.19,0.13,0.19,standard,GER,"FW,DF",21.0,2002.0,17.5,1,37,12,32.4,2.11,0.68,0.03,0.08,18.8,0,0,0,2.3,2.3,0.06,-1.3,-1.3,shooting,GER,"FW,DF",21.0,2002.0,17.5,364,551,66.1,6590,2186,150,201,74.6,172,225,76.4,38,79,48.1,0.0,1.1,1.2,-1.1,16.0,25.0,13.0,8.0,51.0,passing,GER,"FW,DF",21.0,2002.0,17.5,551.0,465,83,8,2,4,42,65,0,0,0,0,364,3,34,passing_types,GER,"FW,DF",21.0,2002.0,17.5,43,2.45,25,1,5,6,5,1,1,0.06,0,0,0,1,0,0,goal_shot_creation,GER,"FW,DF",21.0,2002.0,17.5,28,18,13,9,6,12,24,50.0,12,31,6,25,8.0,36.0,28.0,0.0,defense,GER,"FW,DF",21.0,2002.0,17.5,760,35,177,324,272,34,760,27,18,66.7,6,22.2,406,2852,1357,46,34,11,40,24,438,69,possession,GER,"FW,DF",21.0,2002.0,22,1579,72,51.6,17.5,20,76,7,2,29,1,0.86,8,18,-10,-0.57,0.77,15.3,27.0,-11.7,-0.67,0.16,playing_time,GER,"FW,DF",21.0,2002.0,17.5,4,1,0,27,27,6,42,8,18,0,0,0,75,20,27,42.6,misc,Unknown,Unknown,0.0,0.0,Unknown,Unknown,Unknown,Unknown,Unknown,Unknown,Unknown,Unknown,Unknown,Unknown,Unknown,Unknown,Unknown,Unknown,Unknown,Unknown,Unknown,Unknown,Unknown,Unknown,Unknown,Unknown,0.0,0.0,0.0,Unknown,Unknown,Unknown,Unknown,Unknown,Unknown,Unknown,Unknown,Unknown,Unknown,Unknown,Unknown,Unknown,Unknown,Unknown,Unknown,Unknown,Unknown,Unknown,Unknown,Unknown,Unknown,Unknown,Unknown,Unknown,Unknown
GER-Bundesliga,2023-24,Mainz 05,David Mamutovic,GER,"FW,DF",22.0,2000.0,2,0,11,0.1,0,0,0,0,0,0,0,0,0.0,0.0,0.0,0.0,0,0,0,0.0,0.0,0.0,0.0,0.0,0.0,0.0,0.0,0.0,0.0,standard,GER,"FW,DF",22.0,2000.0,0.1,0,0,0,Unknown,0.0,0.0,Unknown,Unknown,Unknown,0,0,0,0.0,0.0,Unknown,0.0,0.0,shooting,GER,"FW,DF",22.0,2000.0,0.1,7,10,70.0,96,45,4,6,66.7,3,4,75.0,0,0,Unknown,0.0,0.0,0.0,0.0,0.0,3.0,0.0,0.0,0.0,passing,GER,"FW,DF",22.0,2000.0,0.1,10.0,10,0,0,0,0,1,0,0,0,0,0,7,0,0,passing_types,GER,"FW,DF",22.0,2000.0,0.1,1,8.18,0,0,0,0,1,0,0,0.0,0,0,0,0,0,0,goal_shot_creation,GER,"FW,DF",22.0,2000.0,0.1,1,1,0,1,0,1,1,100.0,0,0,0,0,0.0,1.0,0.0,0.0,defense,GER,"FW,DF",22.0,2000.0,0.1,12,0,2,7,3,0,12,0,0,Unknown,0,Unknown,7,19,5,0,0,0,0,0,9,0,possession,GER,"FW,DF",22.0,2000.0,2,11,6,0.4,0.1,0,Unknown,0,2,6,16,0.0,0,0,0,0.0,0.35,0.0,0.1,-0.1,-0.69,-0.7,playing_time,GER,"FW,DF",22.0,2000.0,0.1,0,0,0,0,2,0,1,0,1,0,0,0,2,0,1,0.0,misc,Unknown,Unknown,0.0,0.0,Unknown,Unknown,Unknown,Unknown,Unknown,Unknown,Unknown,Unknown,Unknown,Unknown,Unknown,Unknown,Unknown,Unknown,Unknown,Unknown,Unknown,Unknown,Unknown,Unknown,Unknown,Unknown,0.0,0.0,0.0,Unknown,Unknown,Unknown,Unknown,Unknown,Unknown,Unknown,Unknown,Unknown,Unknown,Unknown,Unknown,Unknown,Unknown,Unknown,Unknown,Unknown,Unknown,Unknown,Unknown,Unknown,Unknown,Unknown,Unknown,Unknown,Unknown
GER-Bundesliga,2023-24,Stuttgart,Borna Sosa,CRO,"FW,DF",25.0,1998.0,2,0,46,0.5,0,0,0,0,0,0,0,0,0.0,0.0,0.3,0.3,5,2,10,0.0,0.0,0.0,0.0,0.0,0.06,0.57,0.63,0.06,0.63,standard,CRO,"FW,DF",25.0,1998.0,0.5,0,1,0,0.0,1.96,0.0,0.0,Unknown,24.2,0,0,0,0.0,0.0,0.03,0.0,0.0,shooting,CRO,"FW,DF",25.0,1998.0,0.5,27,43,62.8,481,122,16,17,94.1,7,13,53.8,4,11,36.4,0.0,0.3,0.1,-0.3,3.0,2.0,0.0,0.0,2.0,passing,CRO,"FW,DF",25.0,1998.0,0.5,43.0,37,6,2,0,1,12,1,3,2,1,0,27,0,2,passing_types,CRO,"FW,DF",25.0,1998.0,0.5,5,9.78,3,2,0,0,0,0,0,0.0,0,0,0,0,0,0,goal_shot_creation,CRO,"FW,DF",25.0,1998.0,0.5,0,0,0,0,0,0,1,0.0,1,0,0,0,0.0,0.0,0.0,0.0,defense,CRO,"FW,DF",25.0,1998.0,0.5,48,0,4,18,26,2,48,0,0,Unknown,0,Unknown,31,180,100,5,1,1,1,0,35,10,possession,CRO,"FW,DF",25.0,1998.0,2,46,23,1.5,0.5,0,Unknown,0,2,23,0,1.5,0,4,-4,-7.83,-9.11,0.4,0.8,-0.4,-0.76,-1.75,playing_time,CRO,"FW,DF",25.0,1998.0,0.5,0,0,0,0,0,0,12,0,0,0,0,0,0,0,0,Unknown,misc,Unknown,Unknown,0.0,0.0,Unknown,Unknown,Unknown,Unknown,Unknown,Unknown,Unknown,Unknown,Unknown,Unknown,Unknown,Unknown,Unknown,Unknown,Unknown,Unknown,Unknown,Unknown,Unknown,Unknown,Unknown,Unknown,0.0,0.0,0.0,Unknown,Unknown,Unknown,Unknown,Unknown,Unknown,Unknown,Unknown,Unknown,Unknown,Unknown,Unknown,Unknown,Unknown,Unknown,Unknown,Unknown,Unknown,Unknown,Unknown,Unknown,Unknown,Unknown,Unknown,Unknown,Unknown
GER-Bundesliga,2025-26,Stuttgart,Jamie Leweling,GER,"FW,DF",24-186,2001.0,2,2,180,2.0,0,1,1,0,0,0,2,0,0.3,0.3,0.7,1.0,15,3,25,0.0,0.5,0.5,0.0,0.5,0.15,0.33,0.48,0.15,0.48,standard,GER,"FW,DF",24-186,2001.0,2.0,0,6,2,33.3,3.0,1.0,0.0,0.0,22.7,0,0,0,0.3,0.3,0.05,-0.3,-0.3,shooting,GER,"FW,DF",24-186,2001.0,2.0,59,85,69.4,819,183,41,44,93.2,10,18,55.6,6,13,46.2,1.0,0.7,0.8,0.3,5.0,0.0,6.0,5.0,3.0,passing,GER,"FW,DF",24-186,2001.0,2.0,85.0,83,1,0,1,0,17,1,0,0,0,0,59,1,6,passing_types,GER,"FW,DF",24-186,2001.0,2.0,9,4.5,5,0,2,1,1,0,1,0.5,1,0,0,0,0,0,goal_shot_creation,GER,"FW,DF",24-186,2001.0,2.0,0,0,0,0,0,0,0,Unknown,0,1,0,1,2.0,2.0,1.0,0.0,defense,GER,"FW,DF",24-186,2001.0,2.0,112,2,7,41,66,6,112,10,3,30.0,6,60.0,96,888,402,15,8,2,5,4,99,25,possession,GER,"FW,DF",24-186,2001.0,2,180,90,100.0,2.0,2,90,2,0,Unknown,0,1.5,2,2,0,0.0,Unknown,2.5,2.2,0.4,0.18,Unknown,playing_time,Unknown,Unknown,0.0,0.0,0.0,Unknown,Unknown,Unknown,Unknown,Unknown,Unknown,Unknown,Unknown,Unknown,Unknown,Unknown,Unknown,Unknown,Unknown,Unknown,Unknown,Unknown,Unknown,Unknown,0.0,0.0,Unknown,Unknown,Unknown,Unknown,Unknown,Unknown,Unknown,Unknown,Unknown,Unknown,Unknown,Unknown,Unknown,Unknown,Unknown,Unknown,Unknown,Unknown,Unknown,Unknown,Unknown,Unknown,0.0,0.0,0.0,Unknown,Unknown,Unknown,Unknown,Unknown,Unknown,Unknown,Unknown,Unknown,Unknown,Unknown,Unknown,Unknown,Unknown,Unknown,Unknown,Unknown,Unknown,Unknown,Unknown,Unknown,Unknown,Unknown,Unknown,Unknown,Unknown
GER-Bundesliga,2024-25,Stuttgart,Justin Diehl,GER,"FW,DF",19.0,2004.0,6,0,104,1.2,1,0,1,1,0,0,0,0,1.0,1.0,0.1,1.1,5,5,20,0.87,0.0,0.87,0.87,0.87,0.84,0.1,0.94,0.84,0.94,standard,GER,"FW,DF",19.0,2004.0,1.2,1,7,1,14.3,6.06,0.87,0.14,1.0,15.8,0,0,0,1.0,1.0,0.14,0.0,0.0,shooting,GER,"FW,DF",19.0,2004.0,1.2,42,59,71.2,540,132,24,29,82.8,14,21,66.7,1,5,20.0,0.0,0.1,0.3,-0.1,1.0,3.0,1.0,0.0,5.0,passing,GER,"FW,DF",19.0,2004.0,1.2,59.0,55,4,0,0,0,10,0,3,2,0,0,42,0,0,passing_types,GER,"FW,DF",19.0,2004.0,1.2,4,3.46,3,0,1,0,0,0,0,0.0,0,0,0,0,0,0,goal_shot_creation,GER,"FW,DF",19.0,2004.0,1.2,1,0,0,1,0,1,1,100.0,0,2,0,2,0.0,1.0,0.0,0.0,defense,GER,"FW,DF",19.0,2004.0,1.2,84,1,5,27,53,9,84,13,3,23.1,10,76.9,55,402,200,5,3,3,2,3,60,20,possession,GER,"FW,DF",19.0,2004.0,6,104,17,3.4,1.2,0,Unknown,0,6,17,3,1.17,5,3,2,1.73,1.46,3.2,2.4,0.9,0.74,0.3,playing_time,GER,"FW,DF",19.0,2004.0,1.2,0,0,0,2,0,0,10,0,0,0,0,0,8,0,1,0.0,misc,Unknown,Unknown,0.0,0.0,Unknown,Unknown,Unknown,Unknown,Unknown,Unknown,Unknown,Unknown,Unknown,Unknown,Unknown,Unknown,Unknown,Unknown,Unknown,Unknown,Unknown,Unknown,Unknown,Unknown,Unknown,Unknown,0.0,0.0,0.0,Unknown,Unknown,Unknown,Unknown,Unknown,Unknown,Unknown,Unknown,Unknown,Unknown,Unknown,Unknown,Unknown,Unknown,Unknown,Unknown,Unknown,Unknown,Unknown,Unknown,Unknown,Unknown,Unknown,Unknown,Unknown,Unknown
GER-Bundesliga,2023-24,Stuttgart,Roberto Massimo,GER,"FW,DF",22.0,2000.0,5,0,84,0.9,0,0,0,0,0,0,1,0,0.0,0.0,0.0,0.0,3,3,6,0.0,0.0,0.0,0.0,0.0,0.0,0.04,0.04,0.0,0.04,standard,GER,"FW,DF",22.0,2000.0,0.9,0,0,0,Unknown,0.0,0.0,Unknown,Unknown,Unknown,0,0,0,0.0,0.0,Unknown,0.0,0.0,shooting,GER,"FW,DF",22.0,2000.0,0.9,30,39,76.9,482,109,14,18,77.8,13,14,92.9,2,3,66.7,0.0,0.0,0.0,0.0,1.0,1.0,0.0,0.0,3.0,passing,GER,"FW,DF",22.0,2000.0,0.9,39.0,34,5,0,0,0,0,5,0,0,0,0,30,0,5,passing_types,GER,"FW,DF",22.0,2000.0,0.9,1,1.07,1,0,0,0,0,0,0,0.0,0,0,0,0,0,0,goal_shot_creation,GER,"FW,DF",22.0,2000.0,0.9,1,0,1,0,0,1,2,50.0,1,0,0,0,0.0,1.0,1.0,0.0,defense,GER,"FW,DF",22.0,2000.0,0.9,50,1,11,29,10,1,50,1,0,0.0,0,0.0,29,154,103,3,2,1,1,0,32,6,possession,GER,"FW,DF",22.0,2000.0,5,84,17,2.7,0.9,0,Unknown,0,5,17,7,1.8,1,2,-1,-1.07,-2.28,1.3,0.8,0.5,0.55,-0.43,playing_time,GER,"FW,DF",22.0,2000.0,0.9,1,0,0,2,1,0,0,0,0,0,0,0,8,1,3,25.0,misc,Unknown,Unknown,0.0,0.0,Unknown,Unknown,Unknown,Unknown,Unknown,Unknown,Unknown,Unknown,Unknown,Unknown,Unknown,Unknown,Unknown,Unknown,Unknown,Unknown,Unknown,Unknown,Unknown,Unknown,Unknown,Unknown,0.0,0.0,0.0,Unknown,Unknown,Unknown,Unknown,Unknown,Unknown,Unknown,Unknown,Unknown,Unknown,Unknown,Unknown,Unknown,Unknown,Unknown,Unknown,Unknown,Unknown,Unknown,Unknown,Unknown,Unknown,Unknown,Unknown,Unknown,Unknown
GER-Bundesliga,2023-24,Werder Bremen,Leon Opitz,GER,"FW,DF",18.0,2005.0,3,0,18,0.2,0,0,0,0,0,0,0,0,0.0,0.0,0.0,0.0,1,0,2,0.0,0.0,0.0,0.0,0.0,0.0,0.0,0.0,0.0,0.0,standard,GER,"FW,DF",18.0,2005.0,0.2,0,0,0,Unknown,0.0,0.0,Unknown,Unknown,Unknown,0,0,0,0.0,0.0,Unknown,0.0,0.0,shooting,GER,"FW,DF",18.0,2005.0,0.2,6,13,46.2,101,38,4,5,80.0,1,5,20.0,1,2,50.0,0.0,0.0,0.0,0.0,0.0,0.0,0.0,0.0,0.0,passing,GER,"FW,DF",18.0,2005.0,0.2,13.0,9,4,0,0,1,2,4,0,0,0,0,6,0,1,passing_types,GER,"FW,DF",18.0,2005.0,0.2,0,0.0,0,0,0,0,0,0,0,0.0,0,0,0,0,0,0,goal_shot_creation,GER,"FW,DF",18.0,2005.0,0.2,2,2,1,1,0,2,3,66.7,1,0,0,0,0.0,2.0,0.0,0.0,defense,GER,"FW,DF",18.0,2005.0,0.2,17,0,7,6,4,1,17,2,1,50.0,1,50.0,10,51,28,1,1,1,2,0,9,2,possession,GER,"FW,DF",18.0,2005.0,3,18,6,0.6,0.2,0,Unknown,0,3,6,11,1.0,0,2,-2,-10.0,-9.88,0.0,1.4,-1.3,-6.34,-6.1,playing_time,GER,"FW,DF",18.0,2005.0,0.2,0,0,0,0,0,0,2,0,2,0,0,0,2,0,0,Unknown,misc,Unknown,Unknown,0.0,0.0,Unknown,Unknown,Unknown,Unknown,Unknown,Unknown,Unknown,Unknown,Unknown,Unknown,Unknown,Unknown,Unknown,Unknown,Unknown,Unknown,Unknown,Unknown,Unknown,Unknown,Unknown,Unknown,0.0,0.0,0.0,Unknown,Unknown,Unknown,Unknown,Unknown,Unknown,Unknown,Unknown,Unknown,Unknown,Unknown,Unknown,Unknown,Unknown,Unknown,Unknown,Unknown,Unknown,Unknown,Unknown,Unknown,Unknown,Unknown,Unknown,Unknown,Unknown
ITA-Serie A,2024-25,Como,Ali Jasim,IRQ,"FW,DF",20.0,2004.0,2,0,10,0.1,0,0,0,0,0,0,0,0,0.0,0.0,0.0,0.0,1,1,1,0.0,0.0,0.0,0.0,0.0,0.0,0.0,0.0,0.0,0.0,standard,IRQ,"FW,DF",20.0,2004.0,0.1,0,0,0,Unknown,0.0,0.0,Unknown,Unknown,Unknown,0,0,0,0.0,0.0,Unknown,0.0,0.0,shooting,IRQ,"FW,DF",20.0,2004.0,0.1,7,9,77.8,71,35,6,6,100.0,1,3,33.3,0,0,Unknown,0.0,0.0,0.0,0.0,0.0,2.0,0.0,0.0,1.0,passing,IRQ,"FW,DF",20.0,2004.0,0.1,9.0,9,0,0,0,0,1,0,0,0,0,0,7,0,0,passing_types,IRQ,"FW,DF",20.0,2004.0,0.1,1,9.0,1,0,0,0,0,0,0,0.0,0,0,0,0,0,0,goal_shot_creation,IRQ,"FW,DF",20.0,2004.0,0.1,1,0,1,0,0,1,1,100.0,0,0,0,0,0.0,1.0,0.0,0.0,defense,IRQ,"FW,DF",20.0,2004.0,0.1,11,0,6,4,1,0,11,0,0,Unknown,0,Unknown,7,54,36,1,0,0,0,0,8,1,possession,IRQ,"FW,DF",20.0,2004.0,2,10,5,0.3,0.1,0,Unknown,0,2,5,9,1.5,0,1,-1,-9.0,-8.95,0.7,0.2,0.5,4.59,4.54,playing_time,IRQ,"FW,DF",20.0,2004.0,0.1,0,0,0,1,0,0,1,0,0,0,0,0,1,1,0,100.0,misc,Unknown,Unknown,0.0,0.0,Unknown,Unknown,Unknown,Unknown,Unknown,Unknown,Unknown,Unknown,Unknown,Unknown,Unknown,Unknown,Unknown,Unknown,Unknown,Unknown,Unknown,Unknown,Unknown,Unknown,Unknown,Unknown,0.0,0.0,0.0,Unknown,Unknown,Unknown,Unknown,Unknown,Unknown,Unknown,Unknown,Unknown,Unknown,Unknown,Unknown,Unknown,Unknown,Unknown,Unknown,Unknown,Unknown,Unknown,Unknown,Unknown,Unknown,Unknown,Unknown,Unknown,Unknown
ITA-Serie A,2024-25,Como,Alieu Fadera,GAM,"FW,DF",22.0,2001.0,28,20,1644,18.3,1,3,4,1,0,0,2,1,1.7,1.7,4.0,5.7,74,36,160,0.05,0.16,0.22,0.05,0.22,0.09,0.22,0.31,0.09,0.31,standard,GAM,"FW,DF",22.0,2001.0,18.3,1,28,9,32.1,1.53,0.49,0.04,0.11,18.6,0,0,0,1.7,1.7,0.06,-0.7,-0.7,shooting,GAM,"FW,DF",22.0,2001.0,18.3,441,591,74.6,6233,1638,251,286,87.8,141,193,73.1,23,42,54.8,3.0,4.0,1.9,-1.0,23.0,14.0,24.0,5.0,36.0,passing,GAM,"FW,DF",22.0,2001.0,18.3,591.0,541,49,1,3,3,39,48,0,0,0,0,441,1,28,passing_types,GAM,"FW,DF",22.0,2001.0,18.3,54,2.95,37,1,5,3,6,2,7,0.38,6,0,1,0,0,0,goal_shot_creation,GAM,"FW,DF",22.0,2001.0,18.3,64,47,25,27,12,20,45,44.4,25,18,1,17,12.0,76.0,10.0,0.0,defense,GAM,"FW,DF",22.0,2001.0,18.3,844,16,148,326,391,60,844,68,26,38.2,34,50.0,544,3868,2239,74,34,32,41,33,533,160,possession,GAM,"FW,DF",22.0,2001.0,28,1644,59,48.1,18.3,20,77,6,8,14,6,1.32,25,24,1,0.05,0.26,21.8,19.3,2.5,0.14,0.15,playing_time,GAM,"FW,DF",22.0,2001.0,18.3,2,1,0,40,50,14,39,12,47,0,0,0,95,11,15,42.3,misc,Unknown,Unknown,0.0,0.0,Unknown,Unknown,Unknown,Unknown,Unknown,Unknown,Unknown,Unknown,Unknown,Unknown,Unknown,Unknown,Unknown,Unknown,Unknown,Unknown,Unknown,Unknown,Unknown,Unknown,Unknown,Unknown,0.0,0.0,0.0,Unknown,Unknown,Unknown,Unknown,Unknown,Unknown,Unknown,Unknown,Unknown,Unknown,Unknown,Unknown,Unknown,Unknown,Unknown,Unknown,Unknown,Unknown,Unknown,Unknown,Unknown,Unknown,Unknown,Unknown,Unknown,Unknown
ITA-Serie A,2023-24,Frosinone,Arijon Ibrahimović,GER,"FW,DF",17.0,2005.0,16,5,474,5.3,1,1,2,1,0,0,1,0,0.8,0.8,0.7,1.5,10,22,54,0.19,0.19,0.38,0.19,0.38,0.15,0.13,0.28,0.15,0.28,standard,GER,"FW,DF",17.0,2005.0,5.3,1,12,4,33.3,2.28,0.76,0.08,0.25,20.7,0,0,0,0.8,0.8,0.07,0.2,0.2,shooting,GER,"FW,DF",17.0,2005.0,5.3,163,225,72.4,2299,702,105,129,81.4,47,65,72.3,8,13,61.5,1.0,0.7,0.7,0.3,8.0,11.0,9.0,1.0,22.0,passing,GER,"FW,DF",17.0,2005.0,5.3,225.0,212,11,1,0,2,7,7,3,2,0,0,163,2,6,passing_types,GER,"FW,DF",17.0,2005.0,5.3,15,2.84,11,1,1,2,0,0,1,0.19,1,0,0,0,0,0,goal_shot_creation,GER,"FW,DF",17.0,2005.0,5.3,7,6,4,2,1,1,9,11.1,8,4,0,4,1.0,8.0,3.0,0.0,defense,GER,"FW,DF",17.0,2005.0,5.3,285,4,36,119,135,19,285,13,4,30.8,7,53.8,187,905,374,10,7,7,17,7,215,54,possession,GER,"FW,DF",17.0,2005.0,16,474,30,13.9,5.3,5,70,0,11,11,15,0.75,4,7,-3,-0.57,0.1,5.8,7.4,-1.7,-0.31,0.0,playing_time,GER,"FW,DF",17.0,2005.0,5.3,1,0,0,3,4,2,7,1,6,0,0,0,19,5,8,38.5,misc,Unknown,Unknown,0.0,0.0,Unknown,Unknown,Unknown,Unknown,Unknown,Unknown,Unknown,Unknown,Unknown,Unknown,Unknown,Unknown,Unknown,Unknown,Unknown,Unknown,Unknown,Unknown,Unknown,Unknown,Unknown,Unknown,0.0,0.0,0.0,Unknown,Unknown,Unknown,Unknown,Unknown,Unknown,Unknown,Unknown,Unknown,Unknown,Unknown,Unknown,Unknown,Unknown,Unknown,Unknown,Unknown,Unknown,Unknown,Unknown,Unknown,Unknown,Unknown,Unknown,Unknown,Unknown
ITA-Serie A,2023-24,Frosinone,Giorgi Kvernadze,GEO,"FW,DF",20.0,2003.0,5,0,63,0.7,0,0,0,0,0,0,0,0,0.0,0.0,0.0,0.0,0,1,6,0.0,0.0,0.0,0.0,0.0,0.0,0.0,0.0,0.0,0.0,standard,GEO,"FW,DF",20.0,2003.0,0.7,0,0,0,Unknown,0.0,0.0,Unknown,Unknown,Unknown,0,0,0,0.0,0.0,Unknown,0.0,0.0,shooting,GEO,"FW,DF",20.0,2003.0,0.7,31,36,86.1,498,57,17,18,94.4,10,11,90.9,3,4,75.0,0.0,0.0,0.0,0.0,0.0,1.0,0.0,0.0,1.0,passing,GEO,"FW,DF",20.0,2003.0,0.7,36.0,32,4,0,0,0,1,4,0,0,0,0,31,0,2,passing_types,GEO,"FW,DF",20.0,2003.0,0.7,0,0.0,0,0,0,0,0,0,0,0.0,0,0,0,0,0,0,goal_shot_creation,GEO,"FW,DF",20.0,2003.0,0.7,3,0,2,0,1,2,2,100.0,0,1,0,1,1.0,4.0,0.0,0.0,defense,GEO,"FW,DF",20.0,2003.0,0.7,49,0,8,22,19,1,49,5,3,60.0,2,40.0,29,206,49,0,1,0,4,3,37,6,possession,GEO,"FW,DF",20.0,2003.0,5,63,13,1.8,0.7,0,Unknown,0,5,13,30,0.2,0,3,-3,-4.29,-3.7,0.3,1.7,-1.3,-1.89,-1.61,playing_time,GEO,"FW,DF",20.0,2003.0,0.7,0,0,0,3,1,0,1,1,0,0,0,0,4,0,0,Unknown,misc,Unknown,Unknown,0.0,0.0,Unknown,Unknown,Unknown,Unknown,Unknown,Unknown,Unknown,Unknown,Unknown,Unknown,Unknown,Unknown,Unknown,Unknown,Unknown,Unknown,Unknown,Unknown,Unknown,Unknown,Unknown,Unknown,0.0,0.0,0.0,Unknown,Unknown,Unknown,Unknown,Unknown,Unknown,Unknown,Unknown,Unknown,Unknown,Unknown,Unknown,Unknown,Unknown,Unknown,Unknown,Unknown,Unknown,Unknown,Unknown,Unknown,Unknown,Unknown,Unknown,Unknown,Unknown
ITA-Serie A,2024-25,Genoa,Alessandro Zanoli,ITA,"FW,DF",23.0,2000.0,31,19,1711,19.0,1,0,1,1,0,0,3,0,0.4,0.4,1.6,2.0,65,27,90,0.05,0.0,0.05,0.05,0.05,0.02,0.08,0.11,0.02,0.11,standard,ITA,"FW,DF",23.0,2000.0,19.0,1,11,3,27.3,0.58,0.16,0.09,0.33,20.8,0,0,0,0.4,0.4,0.04,0.6,0.6,shooting,ITA,"FW,DF",23.0,2000.0,19.0,339,507,66.9,5557,1725,175,213,82.2,129,186,69.4,23,56,41.1,0.0,1.6,1.1,-1.6,19.0,10.0,21.0,13.0,27.0,passing,ITA,"FW,DF",23.0,2000.0,19.0,507.0,464,43,0,2,1,65,43,0,0,0,0,339,0,24,passing_types,ITA,"FW,DF",23.0,2000.0,19.0,32,1.68,25,2,2,1,1,1,1,0.05,1,0,0,0,0,0,goal_shot_creation,ITA,"FW,DF",23.0,2000.0,19.0,29,20,11,14,4,10,23,43.5,13,20,3,17,12.0,41.0,40.0,0.0,defense,ITA,"FW,DF",23.0,2000.0,19.0,720,29,165,298,267,43,720,56,20,35.7,32,57.1,364,3333,1829,65,48,24,32,9,442,90,possession,ITA,"FW,DF",23.0,2000.0,31,1711,55,50.0,19.0,19,74,3,12,26,4,1.06,20,22,-2,-0.11,0.42,15.4,22.9,-7.5,-0.4,-0.26,playing_time,ITA,"FW,DF",23.0,2000.0,19.0,3,0,0,17,19,1,65,12,20,0,0,0,60,19,19,50.0,misc,Unknown,Unknown,0.0,0.0,Unknown,Unknown,Unknown,Unknown,Unknown,Unknown,Unknown,Unknown,Unknown,Unknown,Unknown,Unknown,Unknown,Unknown,Unknown,Unknown,Unknown,Unknown,Unknown,Unknown,Unknown,Unknown,0.0,0.0,0.0,Unknown,Unknown,Unknown,Unknown,Unknown,Unknown,Unknown,Unknown,Unknown,Unknown,Unknown,Unknown,Unknown,Unknown,Unknown,Unknown,Unknown,Unknown,Unknown,Unknown,Unknown,Unknown,Unknown,Unknown,Unknown,Unknown
ITA-Serie A,2023-24,Napoli,Alessio Zerbin,ITA,"FW,DF",24.0,1999.0,7,1,150,1.7,0,0,0,0,0,0,0,0,0.2,0.2,0.6,0.9,6,3,18,0.0,0.0,0.0,0.0,0.0,0.15,0.37,0.52,0.15,0.52,standard,ITA,"FW,DF",24.0,1999.0,1.7,0,3,1,33.3,1.8,0.6,0.0,0.0,18.7,0,0,0,0.2,0.2,0.08,-0.2,-0.2,shooting,ITA,"FW,DF",24.0,1999.0,1.7,56,71,78.9,779,133,30,36,83.3,18,21,85.7,2,4,50.0,0.0,0.6,0.5,-0.6,4.0,1.0,2.0,2.0,3.0,passing,ITA,"FW,DF",24.0,1999.0,1.7,71.0,63,8,1,0,1,7,6,1,0,1,0,56,0,5,passing_types,ITA,"FW,DF",24.0,1999.0,1.7,5,3.0,4,0,0,0,1,0,1,0.6,0,0,0,0,1,0,goal_shot_creation,ITA,"FW,DF",24.0,1999.0,1.7,5,2,1,3,1,2,7,28.6,5,1,0,1,0.0,5.0,0.0,0.0,defense,ITA,"FW,DF",24.0,1999.0,1.7,92,0,10,32,54,8,92,4,2,50.0,1,25.0,45,311,147,6,4,2,5,3,65,18,possession,ITA,"FW,DF",24.0,1999.0,7,150,21,4.4,1.7,1,70,0,6,13,13,1.14,1,2,-1,-0.6,-0.82,3.3,3.0,0.3,0.16,-0.47,playing_time,ITA,"FW,DF",24.0,1999.0,1.7,0,0,0,7,4,0,7,0,2,0,0,0,6,1,1,50.0,misc,Unknown,Unknown,0.0,0.0,Unknown,Unknown,Unknown,Unknown,Unknown,Unknown,Unknown,Unknown,Unknown,Unknown,Unknown,Unknown,Unknown,Unknown,Unknown,Unknown,Unknown,Unknown,Unknown,Unknown,Unknown,Unknown,0.0,0.0,0.0,Unknown,Unknown,Unknown,Unknown,Unknown,Unknown,Unknown,Unknown,Unknown,Unknown,Unknown,Unknown,Unknown,Unknown,Unknown,Unknown,Unknown,Unknown,Unknown,Unknown,Unknown,Unknown,Unknown,Unknown,Unknown,Unknown
ITA-Serie A,2024-25,Napoli,Alessio Zerbin,ITA,"FW,DF",25.0,1999.0,2,0,2,0.0,0,0,0,0,0,0,0,0,0.0,0.0,0.0,0.0,0,0,0,0.0,0.0,0.0,0.0,0.0,0.0,0.0,0.0,0.0,0.0,standard,ITA,"FW,DF",25.0,1999.0,0.0,0,0,0,Unknown,0.0,0.0,Unknown,Unknown,Unknown,0,0,0,0.0,0.0,Unknown,0.0,0.0,shooting,ITA,"FW,DF",25.0,1999.0,0.0,0,0,Unknown,0,0,0,0,Unknown,0,0,Unknown,0,0,Unknown,0.0,0.0,0.0,0.0,0.0,0.0,0.0,0.0,0.0,passing,ITA,"FW,DF",25.0,1999.0,0.0,0.0,0,0,0,0,0,0,0,0,0,0,0,0,0,0,passing_types,ITA,"FW,DF",25.0,1999.0,0.0,0,0.0,0,0,0,0,0,0,0,0.0,0,0,0,0,0,0,goal_shot_creation,ITA,"FW,DF",25.0,1999.0,0.0,2,1,2,0,0,1,1,100.0,0,0,0,0,0.0,2.0,0.0,0.0,defense,ITA,"FW,DF",25.0,1999.0,0.0,3,0,3,0,0,0,3,1,0,0.0,1,100.0,0,0,0,0,0,0,0,0,0,0,possession,ITA,"FW,DF",25.0,1999.0,2,2,1,0.1,0.0,0,Unknown,0,2,1,17,3.0,0,0,0,0.0,-0.84,0.0,0.0,0.0,0.64,0.03,playing_time,ITA,"FW,DF",25.0,1999.0,0.0,0,0,0,0,0,0,0,0,1,0,0,0,0,0,0,Unknown,misc,Unknown,Unknown,0.0,0.0,Unknown,Unknown,Unknown,Unknown,Unknown,Unknown,Unknown,Unknown,Unknown,Unknown,Unknown,Unknown,Unknown,Unknown,Unknown,Unknown,Unknown,Unknown,Unknown,Unknown,Unknown,Unknown,0.0,0.0,0.0,Unknown,Unknown,Unknown,Unknown,Unknown,Unknown,Unknown,Unknown,Unknown,Unknown,Unknown,Unknown,Unknown,Unknown,Unknown,Unknown,Unknown,Unknown,Unknown,Unknown,Unknown,Unknown,Unknown,Unknown,Unknown,Unknown
ITA-Serie A,2023-24,Roma,Stephan El Shaarawy,ITA,"FW,DF",30.0,1992.0,33,19,1738,19.3,3,4,7,3,0,0,2,0,2.5,2.5,2.3,4.8,46,44,131,0.16,0.21,0.36,0.16,0.36,0.13,0.12,0.25,0.13,0.25,standard,ITA,"FW,DF",30.0,1992.0,19.3,3,40,10,25.0,2.07,0.52,0.08,0.3,19.1,1,0,0,2.5,2.5,0.06,0.5,0.5,shooting,ITA,"FW,DF",30.0,1992.0,19.3,545,662,82.3,8516,1723,305,350,87.1,194,228,85.1,37,51,72.5,4.0,2.3,1.8,1.7,20.0,23.0,12.0,5.0,44.0,passing,ITA,"FW,DF",30.0,1992.0,19.3,662.0,617,42,1,2,9,17,39,1,1,0,0,545,3,17,passing_types,ITA,"FW,DF",30.0,1992.0,19.3,53,2.74,35,1,3,8,4,2,7,0.36,5,0,1,1,0,0,goal_shot_creation,ITA,"FW,DF",30.0,1992.0,19.3,21,13,14,4,3,6,15,40.0,9,11,4,7,13.0,34.0,15.0,2.0,defense,ITA,"FW,DF",30.0,1992.0,19.3,843,28,159,368,328,60,843,54,22,40.7,27,50.0,545,3423,1574,46,29,22,27,17,604,131,possession,ITA,"FW,DF",30.0,1992.0,33,1738,53,50.8,19.3,19,76,5,14,20,5,1.58,36,26,10,0.52,0.04,26.5,22.6,3.9,0.2,-0.1,playing_time,ITA,"FW,DF",30.0,1992.0,19.3,2,0,0,14,28,8,17,13,13,0,0,0,83,9,15,37.5,misc,Unknown,Unknown,0.0,0.0,Unknown,Unknown,Unknown,Unknown,Unknown,Unknown,Unknown,Unknown,Unknown,Unknown,Unknown,Unknown,Unknown,Unknown,Unknown,Unknown,Unknown,Unknown,Unknown,Unknown,Unknown,Unknown,0.0,0.0,0.0,Unknown,Unknown,Unknown,Unknown,Unknown,Unknown,Unknown,Unknown,Unknown,Unknown,Unknown,Unknown,Unknown,Unknown,Unknown,Unknown,Unknown,Unknown,Unknown,Unknown,Unknown,Unknown,Unknown,Unknown,Unknown,Unknown
ITA-Serie A,2023-24,Salernitana,Shon Weissman,ISR,"FW,DF",27.0,1996.0,11,5,494,5.5,1,0,1,1,0,0,0,0,1.0,1.0,0.1,1.1,0,4,22,0.18,0.0,0.18,0.18,0.18,0.19,0.02,0.21,0.19,0.21,standard,ISR,"FW,DF",27.0,1996.0,5.5,1,6,1,16.7,1.09,0.18,0.17,1.0,11.2,0,0,0,1.0,1.0,0.17,0.0,0.0,shooting,ISR,"FW,DF",27.0,1996.0,5.5,49,67,73.1,650,61,31,40,77.5,9,13,69.2,4,5,80.0,0.0,0.1,0.1,-0.1,2.0,2.0,0.0,0.0,4.0,passing,ISR,"FW,DF",27.0,1996.0,5.5,67.0,62,5,0,0,0,0,1,0,0,0,0,49,0,1,passing_types,ISR,"FW,DF",27.0,1996.0,5.5,3,0.55,2,0,0,0,1,0,0,0.0,0,0,0,0,0,0,goal_shot_creation,ISR,"FW,DF",27.0,1996.0,5.5,4,3,2,0,2,0,4,0.0,4,2,1,1,3.0,7.0,4.0,0.0,defense,ISR,"FW,DF",27.0,1996.0,5.5,118,7,22,51,45,10,118,2,0,0.0,1,50.0,61,178,43,0,1,0,10,5,78,22,possession,ISR,"FW,DF",27.0,1996.0,11,494,45,14.4,5.5,5,64,0,6,29,4,0.18,5,14,-9,-1.64,-0.41,4.2,13.0,-8.7,-1.59,-0.5,playing_time,ISR,"FW,DF",27.0,1996.0,5.5,0,0,0,3,10,0,0,3,3,0,0,0,13,6,15,28.6,misc,Unknown,Unknown,0.0,0.0,Unknown,Unknown,Unknown,Unknown,Unknown,Unknown,Unknown,Unknown,Unknown,Unknown,Unknown,Unknown,Unknown,Unknown,Unknown,Unknown,Unknown,Unknown,Unknown,Unknown,Unknown,Unknown,0.0,0.0,0.0,Unknown,Unknown,Unknown,Unknown,Unknown,Unknown,Unknown,Unknown,Unknown,Unknown,Unknown,Unknown,Unknown,Unknown,Unknown,Unknown,Unknown,Unknown,Unknown,Unknown,Unknown,Unknown,Unknown,Unknown,Unknown,Unknown
ITA-Serie A,2024-25,Venezia,Antonio Raimondo,ITA,"FW,DF",20.0,2004.0,9,0,94,1.0,0,0,0,0,0,0,0,0,0.3,0.3,0.1,0.4,2,2,7,0.0,0.0,0.0,0.0,0.0,0.31,0.09,0.4,0.31,0.4,standard,ITA,"FW,DF",20.0,2004.0,1.0,0,1,1,100.0,0.96,0.96,0.0,0.0,4.4,0,0,0,0.3,0.3,0.32,-0.3,-0.3,shooting,ITA,"FW,DF",20.0,2004.0,1.0,17,26,65.4,200,48,12,17,70.6,4,7,57.1,0,0,Unknown,0.0,0.1,0.2,-0.1,1.0,0.0,0.0,0.0,2.0,passing,ITA,"FW,DF",20.0,2004.0,1.0,26.0,24,2,0,1,0,1,1,0,0,0,0,17,0,0,passing_types,ITA,"FW,DF",20.0,2004.0,1.0,2,1.91,2,0,0,0,0,0,0,0.0,0,0,0,0,0,0,goal_shot_creation,ITA,"FW,DF",20.0,2004.0,1.0,2,1,1,1,0,0,0,Unknown,0,0,0,0,0.0,2.0,0.0,1.0,defense,ITA,"FW,DF",20.0,2004.0,1.0,34,0,2,15,19,5,34,0,0,Unknown,0,Unknown,21,93,37,2,4,1,5,3,28,7,possession,ITA,"FW,DF",20.0,2004.0,9,94,10,2.7,1.0,0,Unknown,0,9,10,6,0.22,0,0,0,0.0,0.65,0.6,1.1,-0.5,-0.48,0.09,playing_time,ITA,"FW,DF",20.0,2004.0,1.0,0,0,0,2,1,1,1,0,1,0,0,0,4,1,6,14.3,misc,Unknown,Unknown,0.0,0.0,Unknown,Unknown,Unknown,Unknown,Unknown,Unknown,Unknown,Unknown,Unknown,Unknown,Unknown,Unknown,Unknown,Unknown,Unknown,Unknown,Unknown,Unknown,Unknown,Unknown,Unknown,Unknown,0.0,0.0,0.0,Unknown,Unknown,Unknown,Unknown,Unknown,Unknown,Unknown,Unknown,Unknown,Unknown,Unknown,Unknown,Unknown,Unknown,Unknown,Unknown,Unknown,Unknown,Unknown,Unknown,Unknown,Unknown,Unknown,Unknown,Unknown,Unknown
